Image ID,Response time
4730790029_bdc24fcb8c_z.jpg,1.8306124210357666
16104664631_cce4a9a58c_z.jpg,0.42957091331481934
858829152_629399f0a4_z.jpg,0.4278240203857422
8874948232_195679aa4e_z.jpg,0.4044990539550781
6897439523_236f77f06f_z.jpg,0.4096686840057373
5878631770_0c5592a1ee_z.jpg,0.39440250396728516
11381011104_36225e2ccc_z.jpg,0.5340754985809326
16982913298_aa90f2a62b_z.jpg,0.623058557510376
2525539133_73f08a9471_z.jpg,0.37211132049560547
5708252159_5b4ac86a01_z.jpg,0.4458153247833252
342659307_d5d9d36af5_z.jpg,0.2796013355255127
2206074222_69cc088500_z.jpg,0.37018918991088867
7443993440_80892cc39d_z.jpg,0.5938284397125244
5826499075_8c91ec270b_z.jpg,0.4076504707336426
4065552857_98aa8a39d4_z.jpg,0.3811073303222656
15983066535_629c335c63_z.jpg,0.386871337890625
6835338988_c013b40c94_z.jpg,0.39180421829223633
3157735385_c9e7580f03_z.jpg,0.4656195640563965
5878631770_0c5592a1ee_z.jpg,0.34938764572143555
16982913298_aa90f2a62b_z.jpg,0.6537466049194336
81717243_2c9fcf3dab_z.jpg,0.4705674648284912
6102395478_8c004e1142_z.jpg,0.4413416385650635
11381011104_36225e2ccc_z.jpg,0.492811918258667
2177634493_51ca0597e2_z.jpg,0.5833220481872559
2167290248_1ac3cbd890_z.jpg,0.4415016174316406
5340010485_edeaa88c83_z.jpg,0.45320749282836914
1134141407_0254c76c4d_z.jpg,0.3521592617034912
14811525368_d8b774e40a_z.jpg,0.40106725692749023
5210291488_fe9939bdf1_z.jpg,0.3284111022949219
340359612_df41037e73_z.jpg,0.4012260437011719
16675918410_cc9588a553_z.jpg,0.328275203704834
34095624_ce7c705614_z.jpg,0.4187781810760498
4065552857_98aa8a39d4_z.jpg,0.39489173889160156
8651904899_c2632fe751_z.jpg,0.3946082592010498
13472183804_b6c8633f6e_z.jpg,0.4424319267272949
8132134109_24eaa95e21_z.jpg,0.327451229095459
8960442702_6c931904f0_z.jpg,0.39531373977661133
4479906928_4ab0604d1c_z.jpg,0.4617350101470947
15837810787_14c16de452_z.jpg,0.37189340591430664
9031823026_3e55960d76_z.jpg,0.34133052825927734
489195247_b908298ee6_z.jpg,0.4241354465484619
6098643678_fc8044b5ac_z.jpg,0.38170838356018066
235979174_fcd7ef1374_z.jpg,0.47966933250427246
84410494_ab268290cf_z.jpg,0.4407501220703125
8526465743_29a9320d16_z.jpg,0.529069185256958
5816846412_7b6fa97da0_z.jpg,0.3978705406188965
5599702283_8562638984_z.jpg,0.39974355697631836
5340010485_edeaa88c83_z.jpg,0.45699596405029297
750912399_32f415ecb1_z.jpg,0.4303724765777588
14628257582_1ff5e98e4c_z.jpg,0.35546875
890847666_ec8eaecf88_z.jpg,0.48758816719055176
5210291488_fe9939bdf1_z.jpg,0.32216978073120117
2918687630_5108e3e2ab_z.jpg,0.40284037590026855
14265143426_0770389597_z.jpg,0.3329024314880371
6897439523_236f77f06f_z.jpg,0.45394277572631836
2667833832_bf9ddddac5_z.jpg,0.4752664566040039
3747524_f07f508ba9_z.jpg,0.4711935520172119
16675918410_cc9588a553_z.jpg,0.3058595657348633
1492095547_3a48dbc70b_z.jpg,0.4700503349304199
7782123174_dbda292cef_z.jpg,0.45023179054260254
2468082692_49ec682990_z.jpg,0.44910526275634766
5007439610_5bb351fc1f_z.jpg,0.44214320182800293
3959888385_3580cd572c_z.jpg,0.44124650955200195
2215395014_24a2f8184c_z.jpg,0.4759838581085205
17554656478_22dea58ed2_z.jpg,0.36713385581970215
5753318048_1cde42cb1f_z.jpg,0.4955019950866699
1110261834_4068e20626_z.jpg,0.43458056449890137
1570552254_fcac0be216_z.jpg,0.37581849098205566
2698863450_3a10857081_z.jpg,0.555304765701294
4029738064_00c4cd038b_z.jpg,0.37187886238098145
2882148223_72d4df2a8e_z.jpg,0.43988752365112305
15490190390_d64fe16141_z.jpg,0.40088486671447754
3069852951_85b984b709_z.jpg,0.42109203338623047
7581740758_a1c5cf246e_z.jpg,0.36644935607910156
7270802858_c6e2b115e4_z.jpg,0.5991952419281006
3703720579_4a2cf4af15_z.jpg,0.4562208652496338
4484760806_dc814d2ce2_z.jpg,0.36483263969421387
7270802858_c6e2b115e4_z.jpg,0.5969994068145752
15237426722_a51d199f2f_z.jpg,0.4867227077484131
7548613890_a6272237ac_z.jpg,0.44110751152038574
2667833832_bf9ddddac5_z.jpg,0.4311375617980957
258460789_c4baeb300a_z.jpg,0.443011999130249
16433605163_8c9393beb1_z.jpg,0.4364910125732422
2883059364_a6ccfaf69a_z.jpg,0.46056437492370605
3197300261_4e5e9c5e3e_z.jpg,0.5929620265960693
11381011104_36225e2ccc_z.jpg,0.4875500202178955
12041194676_da91e0d068_z.jpg,0.3744316101074219
4763265058_6c6dbb9abe_z.jpg,0.39075136184692383
16658372825_affc436763_z.jpg,0.34954023361206055
2718097307_1fb900f17a_z.jpg,0.38215065002441406
14628257582_1ff5e98e4c_z.jpg,0.3417356014251709
15543230406_71c5a59208_z.jpg,0.43215417861938477
5336089950_d2f4618519_z.jpg,0.34430742263793945
3157735385_c9e7580f03_z.jpg,0.4200587272644043
13368340424_5c1f322f72_z.jpg,0.4489719867706299
7270802858_c6e2b115e4_z.jpg,0.5900402069091797
3413987789_b607473327_z.jpg,0.45842742919921875
5763085728_cd042a4cb0_z.jpg,0.38657379150390625
8730902798_bfe9360f4e_z.jpg,0.4568614959716797
4991188769_8642331e2c_z.jpg,0.4205038547515869
449567850_48a3c60a6f_z.jpg,0.33031201362609863
3604271495_1cacccec06_z.jpg,0.38971710205078125
1908136167_cae3414e7e_z.jpg,0.39951229095458984
9573099282_bbc0b12c70_z.jpg,0.42697787284851074
5816846412_7b6fa97da0_z.jpg,0.3918592929840088
8106854318_06c1cc0fc3_z.jpg,0.451141357421875
890847666_ec8eaecf88_z.jpg,0.45074963569641113
10915137264_e8c23d54b4_z.jpg,0.3823707103729248
6499183869_45bb8908c3_z.jpg,0.36597204208374023
2230295891_a68077f047_z.jpg,0.3928074836730957
7685782426_d3615820e9_z.jpg,0.3913917541503906
2179537346_d695661bbc_z.jpg,0.38393521308898926
3290610375_c742148226_z.jpg,0.40363430976867676
6097504753_2971a9eaa6_z.jpg,0.417492151260376
81717243_2c9fcf3dab_z.jpg,0.48897814750671387
5826499075_8c91ec270b_z.jpg,0.433490514755249
19299023856_077e45c472_z.jpg,0.4034740924835205
8960442702_6c931904f0_z.jpg,0.37746572494506836
953262953_340a098204_z.jpg,0.3802182674407959
5425389979_390e3f3881_z.jpg,0.4653952121734619
7782123174_dbda292cef_z.jpg,0.4441664218902588
1240686712_fbccf26b7f_z.jpg,0.3820211887359619
1908136167_cae3414e7e_z.jpg,0.37035274505615234
3413987789_b607473327_z.jpg,0.46926283836364746
2166320847_63a04a9303_z.jpg,0.3602766990661621
3715997008_28a251eba7_z.jpg,0.38578176498413086
4065552857_98aa8a39d4_z.jpg,0.39843297004699707
1492095547_3a48dbc70b_z.jpg,0.45334315299987793
51712355_49c2e95899_z.jpg,0.3723795413970947
528252616_a57e6257ff_z.jpg,0.4667799472808838
2433290346_8482cac895_z.jpg,0.36884212493896484
2883059364_a6ccfaf69a_z.jpg,0.48702120780944824
3446761063_9cdc26f36c_z.jpg,0.3568134307861328
2861862980_8aab1934f0_z.jpg,0.474470853805542
15235483580_08696e0988_z.jpg,0.3944723606109619
6897439523_236f77f06f_z.jpg,0.41586923599243164
9549882142_c59c04bac0_z.jpg,0.33877134323120117
2392419690_8495e2b2c9_z.jpg,0.45518994331359863
11381011104_36225e2ccc_z.jpg,0.5273597240447998
4065552857_98aa8a39d4_z.jpg,0.411543607711792
2392419690_8495e2b2c9_z.jpg,0.4492964744567871
16599186017_25f46b7511_z.jpg,0.5816576480865479
17554656478_22dea58ed2_z.jpg,0.39676952362060547
5540859766_5596c9c59e_z.jpg,0.4663515090942383
14811525368_d8b774e40a_z.jpg,0.39504146575927734
18608021442_84f7dcfa5c_z.jpg,0.42188405990600586
15782459318_437c57f515_z.jpg,0.39093518257141113
14409775264_5b589b56b4_z.jpg,0.44825172424316406
6076857457_7a06e6ab35_z.jpg,0.47471046447753906
1511658057_17b7bac11a_z.jpg,0.33280062675476074
6881088206_947a7622d4_z.jpg,0.4768331050872803
2592416858_f849d2ac8f_z.jpg,0.43985891342163086
8213118547_f274c67e93_z.jpg,0.34697413444519043
4991188769_8642331e2c_z.jpg,0.4153707027435303
2814480856_385049d567_z.jpg,0.4496803283691406
3747524_f07f508ba9_z.jpg,0.4564096927642822
6410065163_fef2877544_z.jpg,0.41103315353393555
6141562070_11880edf2e_z.jpg,0.3947265148162842
6455179889_6db5a93bfa_z.jpg,0.44269657135009766
5099996575_32762aeb7f_z.jpg,0.42520689964294434
14409775264_5b589b56b4_z.jpg,0.44214439392089844
14409775264_5b589b56b4_z.jpg,0.46422266960144043
2999108747_2b1e0ac45f_z.jpg,0.4431941509246826
4226351112_a6f67d031e_z.jpg,0.43173742294311523
3069852951_85b984b709_z.jpg,0.42376065254211426
19030996840_1fbbb14eeb_z.jpg,0.5686447620391846
5099996575_32762aeb7f_z.jpg,0.4623861312866211
5425389979_390e3f3881_z.jpg,0.4294438362121582
10218081326_b6a2dd98f5_z.jpg,0.6109519004821777
9057859369_5a432fdfe1_z.jpg,0.3636207580566406
5290576324_881daf8265_z.jpg,0.4468650817871094
6455179889_6db5a93bfa_z.jpg,0.4848954677581787
105398161_799ded9b2a_z.jpg,0.44379115104675293
8651904899_c2632fe751_z.jpg,0.4278271198272705
5466970559_0f7b06bcd6_z.jpg,0.3825812339782715
6771874127_f8f380b3cb_z.jpg,0.36713409423828125
5816846412_7b6fa97da0_z.jpg,0.3900411128997803
2882148223_72d4df2a8e_z.jpg,0.47197723388671875
6723753569_a1d8678cde_z.jpg,0.362746000289917
2244176071_615b055c30_z.jpg,0.4784972667694092
858829152_629399f0a4_z.jpg,0.44658970832824707
6010263871_df93fb6382_z.jpg,0.38044023513793945
10921149963_027e750820_z.jpg,0.36119675636291504
16658372825_affc436763_z.jpg,0.36210203170776367
4781592393_07d35524ef_z.jpg,0.40116190910339355
252889263_3cf2d57f34_z.jpg,0.42743563652038574
14869105327_a74f23fa8a_z.jpg,0.5743260383605957
2177230709_086e9d23d8_z.jpg,0.38489556312561035
9031823026_3e55960d76_z.jpg,0.3389124870300293
8289650934_506c73242a_z.jpg,0.55495285987854
20264405486_14055e8288_z.jpg,0.43120479583740234
4349979920_189df35e15_z.jpg,0.4543273448944092
15083791924_c7195faca3_z.jpg,0.36159467697143555
777472482_5eae8617bd_z.jpg,0.4708869457244873
2767937261_724bce0179_z.jpg,0.43564367294311523
858829152_629399f0a4_z.jpg,0.4378218650817871
3157735385_c9e7580f03_z.jpg,0.421170711517334
16679943419_b0fd9b6858_z.jpg,0.3974802494049072
2169952827_05bddc305e_z.jpg,0.3997039794921875
412652687_4d6cb46129_z.jpg,0.4183080196380615
4163439575_7c6a260e8e_z.jpg,0.47365260124206543
7110476047_267467ee68_z.jpg,0.4134852886199951
31792151_e1e4c47427_z.jpg,0.39340853691101074
3462334590_2b8f39c540_z.jpg,0.5059692859649658
16675918410_cc9588a553_z.jpg,0.3415241241455078
17554656478_22dea58ed2_z.jpg,0.37849950790405273
14869105327_a74f23fa8a_z.jpg,0.5501127243041992
7928462126_bb6f3a98bf_z.jpg,0.39649438858032227
7843905188_07e5d2a569_z.jpg,0.3891010284423828
268134569_0cea602ccb_z.jpg,0.4219832420349121
8132134109_24eaa95e21_z.jpg,0.3277745246887207
7928462126_bb6f3a98bf_z.jpg,0.3911569118499756
12041194676_da91e0d068_z.jpg,0.39324498176574707
6897439523_236f77f06f_z.jpg,0.40935301780700684
15235483580_08696e0988_z.jpg,0.39582347869873047
8744937858_81c17befae_z.jpg,0.3730013370513916
80536950_5993089209_z.jpg,0.4351174831390381
268134569_0cea602ccb_z.jpg,0.4619276523590088
915541987_2627e91a14_z.jpg,0.3786776065826416
4380790081_1cbcb573ec_z.jpg,0.3637418746948242
5971377496_abc7d794c7_z.jpg,0.470090389251709
8464801471_b2b61acc7b_z.jpg,0.3493804931640625
5549228224_a42f7d5300_z.jpg,0.3757741451263428
7675033952_b3caa0dd37_z.jpg,0.4833667278289795
8538565946_199e28b584_z.jpg,0.5075569152832031
2525539133_73f08a9471_z.jpg,0.3895292282104492
6881088206_947a7622d4_z.jpg,0.4465484619140625
2177230709_086e9d23d8_z.jpg,0.37783074378967285
13472183804_b6c8633f6e_z.jpg,0.483675479888916
750912399_32f415ecb1_z.jpg,0.432344913482666
809525484_e2e6f137aa_z.jpg,0.44019508361816406
5340010485_edeaa88c83_z.jpg,0.42223429679870605
340359612_df41037e73_z.jpg,0.38959717750549316
13073061203_f7d640a8b3_z.jpg,0.4007728099822998
3290610375_c742148226_z.jpg,0.4056828022003174
2882148223_72d4df2a8e_z.jpg,0.42462825775146484
3703720579_4a2cf4af15_z.jpg,0.4193437099456787
16850385890_8105762655_z.jpg,0.391711950302124
2177230709_086e9d23d8_z.jpg,0.3963303565979004
5290576324_881daf8265_z.jpg,0.4529149532318115
5481347426_620620145e_z.jpg,0.38727831840515137
13368340424_5c1f322f72_z.jpg,0.46628570556640625
36110689_9cbbccb36a_z.jpg,0.4521901607513428
6010263871_df93fb6382_z.jpg,0.4188394546508789
31792151_e1e4c47427_z.jpg,0.349379301071167
82706249_bf54b24c4e_z.jpg,0.2383418083190918
6111783458_61cc1f0f88_z.jpg,0.3917887210845947
189076128_ee6f694a30_z.jpg,0.41205930709838867
5753318048_1cde42cb1f_z.jpg,0.5012588500976562
2918687630_5108e3e2ab_z.jpg,0.3533310890197754
3666190087_ca2fb0d709_z.jpg,0.4773738384246826
15617633365_316afedb8d_z.jpg,0.6210160255432129
16982913298_aa90f2a62b_z.jpg,0.5338945388793945
6771874127_f8f380b3cb_z.jpg,0.3967254161834717
84410494_ab268290cf_z.jpg,0.43070268630981445
6897439523_236f77f06f_z.jpg,0.4235262870788574
82706249_bf54b24c4e_z.jpg,0.22107577323913574
5878631770_0c5592a1ee_z.jpg,0.3838956356048584
414586991_9630094229_z.jpg,0.4992554187774658
5210291488_fe9939bdf1_z.jpg,0.3132667541503906
6455179889_6db5a93bfa_z.jpg,0.4230947494506836
16675918410_cc9588a553_z.jpg,0.33847999572753906
241832541_43848dabf3_z.jpg,0.41127586364746094
5753318048_1cde42cb1f_z.jpg,0.45527005195617676
2999108747_2b1e0ac45f_z.jpg,0.4290027618408203
201365540_d1af73d7cd_z.jpg,0.46239185333251953
3157735385_c9e7580f03_z.jpg,0.4477877616882324
144429519_9567ff4044_z.jpg,0.3596823215484619
3157735385_c9e7580f03_z.jpg,0.4709305763244629
3715997008_28a251eba7_z.jpg,0.3554551601409912
3360078465_de3ceaa137_z.jpg,0.3733065128326416
14351072751_334621d203_z.jpg,0.43682384490966797
8265517869_53c5fb3eff_z.jpg,0.3589315414428711
8591221048_8fe555a40c_z.jpg,0.37359118461608887
4226351112_a6f67d031e_z.jpg,0.472675085067749
449567850_48a3c60a6f_z.jpg,0.3488643169403076
7685782426_d3615820e9_z.jpg,0.38604164123535156
14786765330_5d381d2451_z.jpg,0.42473626136779785
8488918795_f8ba7dabb6_z.jpg,0.3999979496002197
15589191923_99889a9f83_z.jpg,0.47922539710998535
4728907141_f9e5aa4bce_z.jpg,0.46627092361450195
5387089136_efcdc42456_z.jpg,0.394944429397583
5436402112_3aee3141a7_z.jpg,0.5239691734313965
14757587416_892a95bf77_z.jpg,0.3436870574951172
14507981482_c50d893620_z.jpg,0.5154240131378174
1553312291_c0cae48a37_z.jpg,0.2778332233428955
6111783458_61cc1f0f88_z.jpg,0.4269237518310547
3607850542_a3577913d7_z.jpg,0.48880600929260254
5549228224_a42f7d5300_z.jpg,0.3944370746612549
10915137264_e8c23d54b4_z.jpg,0.41809678077697754
9141188655_328b195d8d_z.jpg,0.4315817356109619
14628257582_1ff5e98e4c_z.jpg,0.3783128261566162
20264405486_14055e8288_z.jpg,0.44702577590942383
9755183855_953c4f062c_z.jpg,0.4039757251739502
4282546783_10b5e0a62e_z.jpg,0.46217894554138184
6771874127_f8f380b3cb_z.jpg,0.3816847801208496
33580840_a67c2b796a_z.jpg,0.4514138698577881
4975505027_db5864977d_z.jpg,0.46422576904296875
48901634_c792cbab58_z.jpg,0.3911168575286865
342659307_d5d9d36af5_z.jpg,0.301741361618042
6098643678_fc8044b5ac_z.jpg,0.39516520500183105
13073061203_f7d640a8b3_z.jpg,0.37970972061157227
98052295_1221189a77_z.jpg,0.509418249130249
4763265058_6c6dbb9abe_z.jpg,0.4039576053619385
13314143603_95d63b5748_z.jpg,0.43713998794555664
15038212434_9e0e575008_z.jpg,0.5934152603149414
8464801471_b2b61acc7b_z.jpg,0.42569661140441895
2534669669_0c1d10c3e6_z.jpg,0.4427194595336914
412652687_4d6cb46129_z.jpg,0.4669010639190674
3446761063_9cdc26f36c_z.jpg,0.3950307369232178
6168484879_e6b9644722_z.jpg,0.40128540992736816
3959888385_3580cd572c_z.jpg,0.5084781646728516
6113997729_5f5ac02209_z.jpg,0.5251338481903076
8562326627_1a68052e58_z.jpg,0.5299773216247559
4941417139_1608ab2596_z.jpg,0.5605916976928711
5878631770_0c5592a1ee_z.jpg,0.38316822052001953
4975505027_db5864977d_z.jpg,0.5276648998260498
5466970559_0f7b06bcd6_z.jpg,0.35509538650512695
241832541_43848dabf3_z.jpg,0.3953266143798828
9444094315_ba610ed94a_z.jpg,0.3972208499908447
11381011104_36225e2ccc_z.jpg,0.5405669212341309
9444094315_ba610ed94a_z.jpg,0.42478513717651367
5298849761_aeeed1a3f9_z.jpg,0.3822014331817627
3409776362_07a8bb7f17_z.jpg,0.5593814849853516
224422461_dddd4c8e99_z.jpg,0.46920156478881836
6098643678_fc8044b5ac_z.jpg,0.37676024436950684
5336089950_d2f4618519_z.jpg,0.3951258659362793
3703720579_4a2cf4af15_z.jpg,0.4573054313659668
144429519_9567ff4044_z.jpg,0.41782093048095703
3141821008_3743fb8be5_z.jpg,0.4678053855895996
4030862073_d697f506b0_z.jpg,0.5893418788909912
3679100484_a8e3044e55_z.jpg,0.46466541290283203
8399932836_19c21d3779_z.jpg,0.47004222869873047
677743874_168dcb5ed1_z.jpg,0.44269537925720215
207320225_2446b6cf11_z.jpg,0.4191243648529053
2215395014_24a2f8184c_z.jpg,0.5272369384765625
6309741882_b074ee1a96_z.jpg,0.519650936126709
1492095547_3a48dbc70b_z.jpg,0.4357936382293701
3197300261_4e5e9c5e3e_z.jpg,0.6276617050170898
3676100181_dc21ca177f_z.jpg,0.4255964756011963
9057859369_5a432fdfe1_z.jpg,0.3746368885040283
5816846412_7b6fa97da0_z.jpg,0.4160747528076172
211850545_7f670901ab_z.jpg,0.3920111656188965
2534669669_0c1d10c3e6_z.jpg,0.5058078765869141
14869105327_a74f23fa8a_z.jpg,0.5256969928741455
2468082692_49ec682990_z.jpg,0.48692917823791504
4349979920_189df35e15_z.jpg,0.45495033264160156
3632975096_ec47d16f37_z.jpg,0.4496147632598877
4730790029_bdc24fcb8c_z.jpg,0.41669464111328125
340359612_df41037e73_z.jpg,0.3845508098602295
9549882142_c59c04bac0_z.jpg,0.3517160415649414
1553312291_c0cae48a37_z.jpg,0.27203869819641113
6111783458_61cc1f0f88_z.jpg,0.42180395126342773
4941417139_1608ab2596_z.jpg,0.448866605758667
241832541_43848dabf3_z.jpg,0.4324157238006592
528252616_a57e6257ff_z.jpg,0.4312598705291748
6217890759_2a6a04d1d9_z.jpg,0.4201176166534424
3283350420_d2b4b8fef3_z.jpg,0.4153449535369873
14711690133_019fe56eb5_z.jpg,0.3815004825592041
677743874_168dcb5ed1_z.jpg,0.39861631393432617
6168484879_e6b9644722_z.jpg,0.4098813533782959
5826499075_8c91ec270b_z.jpg,0.42183542251586914
18608021442_84f7dcfa5c_z.jpg,0.4682626724243164
11335325886_75cf456ea8_z.jpg,0.5605835914611816
8773393046_236298c465_z.jpg,0.3931291103363037
3959888385_3580cd572c_z.jpg,0.46834540367126465
10921149963_027e750820_z.jpg,0.3823506832122803
9573099282_bbc0b12c70_z.jpg,0.5053520202636719
1428837563_12ec867e05_z.jpg,0.4583930969238281
6100259603_28a9794ed5_z.jpg,0.4245331287384033
2177230709_086e9d23d8_z.jpg,0.3795127868652344
14811525368_d8b774e40a_z.jpg,0.402698278427124
9201197273_a98cb719f5_z.jpg,0.4803812503814697
1444579876_8c02edf580_z.jpg,0.49224352836608887
7175939730_9a03853d4c_z.jpg,0.45166707038879395
4743123794_5c502eaee7_z.jpg,0.41348719596862793
8125475_d0a1063029_z.jpg,0.45546793937683105
258460789_c4baeb300a_z.jpg,0.4428122043609619
9688658716_4b3e9c618c_z.jpg,0.41605281829833984
16086668084_0d1665cda4_z.jpg,0.5168628692626953
3413987789_b607473327_z.jpg,0.460895299911499
6180200475_fda2795252_z.jpg,0.4880521297454834
5506132265_d6d43548eb_z.jpg,0.39873647689819336
14652913468_5d3b2a39f1_z.jpg,0.49503087997436523
2918687630_5108e3e2ab_z.jpg,0.37955522537231445
2522213440_edbcb5ba05_z.jpg,0.405458927154541
4743123794_5c502eaee7_z.jpg,0.4068310260772705
3462334590_2b8f39c540_z.jpg,0.529102087020874
3312304999_bc296f3260_z.jpg,0.3302469253540039
3595778703_d3bec2f74e_z.jpg,0.52347731590271
8744937858_81c17befae_z.jpg,0.37196993827819824
11132512636_ebb3a6a070_z.jpg,0.4327392578125
225687978_713319e6c1_z.jpg,0.38838982582092285
6010263871_df93fb6382_z.jpg,0.38785791397094727
2167290248_1ac3cbd890_z.jpg,0.5050239562988281
6309741882_b074ee1a96_z.jpg,0.48491954803466797
204668081_9bb000df17_z.jpg,0.5173807144165039
2882148223_72d4df2a8e_z.jpg,0.4760160446166992
16982913298_aa90f2a62b_z.jpg,0.5988428592681885
15091650494_d8a5f37637_z.jpg,0.3604090213775635
31792151_e1e4c47427_z.jpg,0.4037008285522461
5599702283_8562638984_z.jpg,0.3888247013092041
2787764752_0277f5bbb2_z.jpg,0.4300076961517334
7685782426_d3615820e9_z.jpg,0.38153553009033203
9573099282_bbc0b12c70_z.jpg,0.49303674697875977
1553312291_c0cae48a37_z.jpg,0.24898529052734375
4763265058_6c6dbb9abe_z.jpg,0.3601529598236084
11484364375_4180af41fc_z.jpg,0.39247584342956543
225687978_713319e6c1_z.jpg,0.37936925888061523
241832541_43848dabf3_z.jpg,0.3874967098236084
2918687630_5108e3e2ab_z.jpg,0.3871312141418457
2667833832_bf9ddddac5_z.jpg,0.4140474796295166
235979174_fcd7ef1374_z.jpg,0.47035813331604004
3499391979_76c0c01a3c_z.jpg,0.3886606693267822
13340204053_873cda4cef_z.jpg,0.33661937713623047
2718097307_1fb900f17a_z.jpg,0.41667890548706055
14652913468_5d3b2a39f1_z.jpg,0.42958807945251465
9549882142_c59c04bac0_z.jpg,0.31886792182922363
677743874_168dcb5ed1_z.jpg,0.38827061653137207
15196353300_2dcb1a1948_z.jpg,0.38538408279418945
6309741882_b074ee1a96_z.jpg,0.5066494941711426
11132512636_ebb3a6a070_z.jpg,0.4108879566192627
144429519_9567ff4044_z.jpg,0.40125107765197754
3452990622_cfb5fba34a_z.jpg,0.46080970764160156
2787764752_0277f5bbb2_z.jpg,0.4382181167602539
8399932836_19c21d3779_z.jpg,0.46541404724121094
234597792_a9f1e7e7a9_z.jpg,0.39324951171875
31792151_e1e4c47427_z.jpg,0.40885210037231445
4941417139_1608ab2596_z.jpg,0.44144558906555176
20843800936_edcdd89338_z.jpg,0.4920961856842041
4728907141_f9e5aa4bce_z.jpg,0.4281144142150879
342659307_d5d9d36af5_z.jpg,0.2676842212677002
82706249_bf54b24c4e_z.jpg,0.25666141510009766
5316877862_ccdebd50e5_z.jpg,0.41285228729248047
36110689_9cbbccb36a_z.jpg,0.43433308601379395
241832541_43848dabf3_z.jpg,0.3974192142486572
12988804124_bbea6d94c0_z.jpg,0.38788580894470215
82903264_5dd277c32d_z.jpg,0.4115307331085205
6771874127_f8f380b3cb_z.jpg,0.38382554054260254
14786765330_5d381d2451_z.jpg,0.45081377029418945
4349979920_189df35e15_z.jpg,0.46445512771606445
84410494_ab268290cf_z.jpg,0.4523124694824219
7581740758_a1c5cf246e_z.jpg,0.42423367500305176
1492095547_3a48dbc70b_z.jpg,0.45389270782470703
4226351112_a6f67d031e_z.jpg,0.4366898536682129
5599702283_8562638984_z.jpg,0.41136908531188965
5481347426_620620145e_z.jpg,0.3967900276184082
12041194676_da91e0d068_z.jpg,0.3631737232208252
8132134109_24eaa95e21_z.jpg,0.34975337982177734
138805025_80da2e3a82_z.jpg,0.42819881439208984
16433605163_8c9393beb1_z.jpg,0.43500304222106934
3290610375_c742148226_z.jpg,0.3918302059173584
3685504815_c15a389bd3_z.jpg,0.43482279777526855
7192116992_5447de0caa_z.jpg,0.47810912132263184
9688658716_4b3e9c618c_z.jpg,0.3533506393432617
3850147043_06970bc680_z.jpg,0.4641904830932617
6985531639_71621c1e69_z.jpg,0.40555667877197266
10921149963_027e750820_z.jpg,0.35855937004089355
3291298501_9a8eed3fa0_z.jpg,0.37772250175476074
5878631770_0c5592a1ee_z.jpg,0.3752260208129883
3703720579_4a2cf4af15_z.jpg,0.43839478492736816
2918687630_5108e3e2ab_z.jpg,0.3720736503601074
5763085728_cd042a4cb0_z.jpg,0.41558074951171875
4414731678_5f70c9f88e_z.jpg,0.5230679512023926
3850147043_06970bc680_z.jpg,0.4569058418273926
3195432512_d0a96b2967_z.jpg,0.44296741485595703
4991188769_8642331e2c_z.jpg,0.4192698001861572
5877731495_29cc1a6c57_z.jpg,0.4213240146636963
412652687_4d6cb46129_z.jpg,0.4592430591583252
13368340424_5c1f322f72_z.jpg,0.4571669101715088
5878631770_0c5592a1ee_z.jpg,0.4446132183074951
8132134109_24eaa95e21_z.jpg,0.33599352836608887
8183126241_e78c7f86ba_z.jpg,0.40541505813598633
17554656478_22dea58ed2_z.jpg,0.4039428234100342
20795376805_7d3aabfce1_z.jpg,0.37703871726989746
5048937296_7c707f1d71_z.jpg,0.5228676795959473
3029397040_d35cf11083_z.jpg,0.4083232879638672
3446761063_9cdc26f36c_z.jpg,0.4005758762359619
3312304999_bc296f3260_z.jpg,0.3624598979949951
6062750656_89284163db_z.jpg,0.398892879486084
8125475_d0a1063029_z.jpg,0.46402502059936523
506974894_b74672813b_z.jpg,0.3824911117553711
3844809782_aa1ce17781_z.jpg,0.4611833095550537
340359612_df41037e73_z.jpg,0.4147005081176758
3499391979_76c0c01a3c_z.jpg,0.3698000907897949
51712355_49c2e95899_z.jpg,0.3928041458129883
2787764752_0277f5bbb2_z.jpg,0.4627382755279541
5971377496_abc7d794c7_z.jpg,0.46369409561157227
342659307_d5d9d36af5_z.jpg,0.3066370487213135
5387089136_efcdc42456_z.jpg,0.45781660079956055
3069852951_85b984b709_z.jpg,0.47818946838378906
1908136167_cae3414e7e_z.jpg,0.41786861419677734
1428837563_12ec867e05_z.jpg,0.4702150821685791
14652913468_5d3b2a39f1_z.jpg,0.45171070098876953
3195432512_d0a96b2967_z.jpg,0.4375598430633545
189076128_ee6f694a30_z.jpg,0.39667582511901855
4370423313_49f3722e85_z.jpg,0.43355703353881836
2746929519_3599d54cfb_z.jpg,0.4603586196899414
10915137264_e8c23d54b4_z.jpg,0.3801429271697998
19474810921_d2f23de0fc_z.jpg,0.45896458625793457
225687978_713319e6c1_z.jpg,0.37502241134643555
5387089136_efcdc42456_z.jpg,0.431377649307251
7685782426_d3615820e9_z.jpg,0.38849592208862305
361146297_ca9b5c8799_z.jpg,0.42096829414367676
6985531639_71621c1e69_z.jpg,0.3895890712738037
2553120516_dd48754dc4_z.jpg,0.3950178623199463
5336089950_d2f4618519_z.jpg,0.37894296646118164
449567850_48a3c60a6f_z.jpg,0.40337228775024414
296513213_9681371ed9_z.jpg,0.38292884826660156
541124874_7247349bb7_z.jpg,0.3972797393798828
6410065163_fef2877544_z.jpg,0.4327239990234375
8634899263_5ce2555806_z.jpg,0.38348937034606934
8125475_d0a1063029_z.jpg,0.4767491817474365
4226351112_a6f67d031e_z.jpg,0.43970823287963867
1570513225_265b529538_z.jpg,0.39064908027648926
5753318048_1cde42cb1f_z.jpg,0.48212623596191406
8032610600_1dd81d41a4_z.jpg,0.42330336570739746
2206074222_69cc088500_z.jpg,0.3515613079071045
3679100484_a8e3044e55_z.jpg,0.4869561195373535
8464801471_b2b61acc7b_z.jpg,0.4118201732635498
16086668084_0d1665cda4_z.jpg,0.49988365173339844
5099996575_32762aeb7f_z.jpg,0.42308974266052246
4083309359_020d325f73_z.jpg,0.3895432949066162
105398161_799ded9b2a_z.jpg,0.5007014274597168
2918687630_5108e3e2ab_z.jpg,0.35652899742126465
2525539133_73f08a9471_z.jpg,0.38521528244018555
4625462281_7df55484bb_z.jpg,0.40802741050720215
14757587416_892a95bf77_z.jpg,0.35924792289733887
4763265058_6c6dbb9abe_z.jpg,0.40322065353393555
4282546783_10b5e0a62e_z.jpg,0.4393653869628906
5436402112_3aee3141a7_z.jpg,0.4675731658935547
5387089136_efcdc42456_z.jpg,0.3995633125305176
7581740758_a1c5cf246e_z.jpg,0.3889591693878174
16658372825_affc436763_z.jpg,0.36517810821533203
1229448893_42c357ea12_z.jpg,0.3324296474456787
13472183804_b6c8633f6e_z.jpg,0.4773428440093994
9549882142_c59c04bac0_z.jpg,0.32018518447875977
4991188769_8642331e2c_z.jpg,0.4278144836425781
3812603979_2102c37672_z.jpg,0.3973362445831299
2244176071_615b055c30_z.jpg,0.457660436630249
5540859766_5596c9c59e_z.jpg,0.48522329330444336
5093076088_7bc77ec199_z.jpg,0.44832324981689453
17594682014_fcd2ac5ca3_z.jpg,0.44516658782958984
5763085728_cd042a4cb0_z.jpg,0.44091343879699707
414586991_9630094229_z.jpg,0.48684215545654297
34095624_ce7c705614_z.jpg,0.46579551696777344
528252616_a57e6257ff_z.jpg,0.5201854705810547
9002629162_51388d1396_z.jpg,0.3672001361846924
8399932836_19c21d3779_z.jpg,0.5033798217773438
15083791924_c7195faca3_z.jpg,0.4391944408416748
8032610600_1dd81d41a4_z.jpg,0.46663856506347656
2468082692_49ec682990_z.jpg,0.45755624771118164
21376683791_d98acff014_z.jpg,0.6135387420654297
2883059364_a6ccfaf69a_z.jpg,0.4552793502807617
1553312291_c0cae48a37_z.jpg,0.27686166763305664
104222040_c20f16bbc0_z.jpg,0.45996952056884766
13314143603_95d63b5748_z.jpg,0.44300127029418945
489195247_b908298ee6_z.jpg,0.44777846336364746
19299023856_077e45c472_z.jpg,0.4155118465423584
2768961204_712996d2bd_z.jpg,0.34107351303100586
5971377496_abc7d794c7_z.jpg,0.4838287830352783
9031823026_3e55960d76_z.jpg,0.3438105583190918
3703720579_4a2cf4af15_z.jpg,0.45476865768432617
296513213_9681371ed9_z.jpg,0.3731253147125244
4380790081_1cbcb573ec_z.jpg,0.3872206211090088
5652496789_70e6f301e9_z.jpg,0.3980534076690674
8538565946_199e28b584_z.jpg,0.5699584484100342
5387089136_efcdc42456_z.jpg,0.41637516021728516
5340010485_edeaa88c83_z.jpg,0.45244383811950684
8183126241_e78c7f86ba_z.jpg,0.3941059112548828
387284206_360c4e3d6e_z.jpg,0.2791273593902588
9372235876_d7d69f1790_z.jpg,0.467972993850708
2258982401_762044a41d_z.jpg,0.47397327423095703
2768961204_712996d2bd_z.jpg,0.3213522434234619
5007439610_5bb351fc1f_z.jpg,0.4685957431793213
1110261834_4068e20626_z.jpg,0.4617595672607422
4781592393_07d35524ef_z.jpg,0.40086936950683594
6723753569_a1d8678cde_z.jpg,0.3728363513946533
7443993440_80892cc39d_z.jpg,0.5591039657592773
234597792_a9f1e7e7a9_z.jpg,0.39730405807495117
6459633873_5effb4b6e5_z.jpg,0.4062228202819824
224422461_dddd4c8e99_z.jpg,0.45227813720703125
6771874127_f8f380b3cb_z.jpg,0.3883347511291504
2433596596_377bb91619_z.jpg,0.48044490814208984
8265517869_53c5fb3eff_z.jpg,0.37598180770874023
3141821008_3743fb8be5_z.jpg,0.4954075813293457
6897439523_236f77f06f_z.jpg,0.44649219512939453
1240686712_fbccf26b7f_z.jpg,0.35923314094543457
2370036280_507a07c953_z.jpg,0.38908934593200684
4484760806_dc814d2ce2_z.jpg,0.407991886138916
6100259603_28a9794ed5_z.jpg,0.4225277900695801
4625462281_7df55484bb_z.jpg,0.4354238510131836
2218544892_0ae9cb42da_z.jpg,0.45955443382263184
3452990622_cfb5fba34a_z.jpg,0.46663427352905273
14711690133_019fe56eb5_z.jpg,0.35862278938293457
20264405486_14055e8288_z.jpg,0.4770209789276123
19283436_772222a19e_z.jpg,0.4351217746734619
31792151_e1e4c47427_z.jpg,0.39239954948425293
4975505027_db5864977d_z.jpg,0.46701979637145996
2392419690_8495e2b2c9_z.jpg,0.45651912689208984
1511658057_17b7bac11a_z.jpg,0.37273168563842773
4018061968_3e03b2e96f_z.jpg,0.45473575592041016
9057859369_5a432fdfe1_z.jpg,0.3879878520965576
2918687630_5108e3e2ab_z.jpg,0.3941941261291504
14584923986_debd346d81_z.jpg,0.6138372421264648
5971377496_abc7d794c7_z.jpg,0.49900126457214355
5589760101_cf3ec6080e_z.jpg,0.4193696975708008
15617633365_316afedb8d_z.jpg,0.7818841934204102
12570366253_52905ec5a1_z.jpg,0.44954872131347656
9141188655_328b195d8d_z.jpg,0.5292010307312012
2592416858_f849d2ac8f_z.jpg,0.5172853469848633
207320225_2446b6cf11_z.jpg,0.397402286529541
16106543870_2f167db1e1_z.jpg,0.5092341899871826
5340010485_edeaa88c83_z.jpg,0.47850823402404785
15617633365_316afedb8d_z.jpg,0.6258237361907959
225687978_713319e6c1_z.jpg,0.40411829948425293
15983066535_629c335c63_z.jpg,0.3915565013885498
16789366715_633121f7bb_z.jpg,0.4753415584564209
4444608672_0fa9174b62_z.jpg,0.3896474838256836
2370036280_507a07c953_z.jpg,0.40575385093688965
1570513225_265b529538_z.jpg,0.42499279975891113
14507981482_c50d893620_z.jpg,0.5385017395019531
5298849761_aeeed1a3f9_z.jpg,0.3988018035888672
16433605163_8c9393beb1_z.jpg,0.5517573356628418
1511658057_17b7bac11a_z.jpg,0.3810131549835205
6010263871_df93fb6382_z.jpg,0.45610523223876953
9157606630_2ef852a3ee_z.jpg,0.46744203567504883
422908475_7be8fe7338_z.jpg,0.5595290660858154
3954929491_6e95503c3d_z.jpg,0.4509565830230713
3195432512_d0a96b2967_z.jpg,0.46131229400634766
1110261834_4068e20626_z.jpg,0.45738863945007324
5481347426_620620145e_z.jpg,0.42320728302001953
5387089136_efcdc42456_z.jpg,0.4366614818572998
5652496789_70e6f301e9_z.jpg,0.38889074325561523
8523144329_569f1781b3_z.jpg,0.5082688331604004
81717243_2c9fcf3dab_z.jpg,0.4580705165863037
890847666_ec8eaecf88_z.jpg,0.4394855499267578
2883059364_a6ccfaf69a_z.jpg,0.5452651977539062
211850545_7f670901ab_z.jpg,0.41751742362976074
20264405486_14055e8288_z.jpg,0.5416476726531982
7417962302_a50fc8eb6b_z.jpg,0.35572385787963867
4444608672_0fa9174b62_z.jpg,0.4276309013366699
8634899263_5ce2555806_z.jpg,0.4003582000732422
2433290346_8482cac895_z.jpg,0.4305696487426758
14786765330_5d381d2451_z.jpg,0.47507452964782715
5099996575_32762aeb7f_z.jpg,0.48012351989746094
9549882142_c59c04bac0_z.jpg,0.3584327697753906
16599186017_25f46b7511_z.jpg,0.7264132499694824
8773393046_236298c465_z.jpg,0.5030543804168701
4728907141_f9e5aa4bce_z.jpg,0.5412826538085938
387284206_360c4e3d6e_z.jpg,0.282059907913208
3300269400_c276d7a1a7_z.jpg,0.4544796943664551
3959888385_3580cd572c_z.jpg,0.4783487319946289
6111783458_61cc1f0f88_z.jpg,0.43566226959228516
7163490183_0dff14b5d6_z.jpg,0.3385353088378906
4730790029_bdc24fcb8c_z.jpg,0.42404985427856445
36110689_9cbbccb36a_z.jpg,0.4525778293609619
5605719660_5bed05cca3_z.jpg,0.40975069999694824
4763265058_6c6dbb9abe_z.jpg,0.4123876094818115
144429519_9567ff4044_z.jpg,0.4122333526611328
15782459318_437c57f515_z.jpg,0.394683837890625
2258982401_762044a41d_z.jpg,0.47486162185668945
2370036280_507a07c953_z.jpg,0.4381835460662842
5099996575_32762aeb7f_z.jpg,0.44817137718200684
5021039430_0cda148fd5_z.jpg,0.3998136520385742
1428837563_12ec867e05_z.jpg,0.4678688049316406
7417962302_a50fc8eb6b_z.jpg,0.3820061683654785
14652913468_5d3b2a39f1_z.jpg,0.4676651954650879
5971377496_abc7d794c7_z.jpg,0.4525179862976074
16679943419_b0fd9b6858_z.jpg,0.4220848083496094
5425389979_390e3f3881_z.jpg,0.44068074226379395
5093076088_7bc77ec199_z.jpg,0.4520430564880371
8289650934_506c73242a_z.jpg,0.5547976493835449
3442716929_7a26250063_z.jpg,0.38393402099609375
2277306387_af18b2096e_z.jpg,0.49713563919067383
14409775264_5b589b56b4_z.jpg,0.4493083953857422
7248771448_66aab6455d_z.jpg,0.4664425849914551
3069852951_85b984b709_z.jpg,0.4355742931365967
51712355_49c2e95899_z.jpg,0.4060094356536865
3685504815_c15a389bd3_z.jpg,0.44295454025268555
3029397040_d35cf11083_z.jpg,0.4124488830566406
3141821008_3743fb8be5_z.jpg,0.4520740509033203
2784964324_0b0373fd24_z.jpg,0.4625861644744873
9549882142_c59c04bac0_z.jpg,0.3204512596130371
138805025_80da2e3a82_z.jpg,0.4531989097595215
6723753569_a1d8678cde_z.jpg,0.3754594326019287
15392489891_905432249f_z.jpg,0.39261794090270996
17594682014_fcd2ac5ca3_z.jpg,0.4264099597930908
11132512636_ebb3a6a070_z.jpg,0.3923165798187256
16599186017_25f46b7511_z.jpg,0.6316378116607666
5878631770_0c5592a1ee_z.jpg,0.3762221336364746
159051371_77f7d02bb6_z.jpg,0.4178810119628906
4226351112_a6f67d031e_z.jpg,0.5008664131164551
7928462126_bb6f3a98bf_z.jpg,0.3530457019805908
3290610375_c742148226_z.jpg,0.3758113384246826
20959877010_552298f5f8_z.jpg,0.35274291038513184
5466970559_0f7b06bcd6_z.jpg,0.4032156467437744
48901634_c792cbab58_z.jpg,0.4099876880645752
15196353300_2dcb1a1948_z.jpg,0.39030027389526367
11335325886_75cf456ea8_z.jpg,0.5135047435760498
1570513225_265b529538_z.jpg,0.39720702171325684
16433605163_8c9393beb1_z.jpg,0.4581623077392578
5099996575_32762aeb7f_z.jpg,0.46524643898010254
890847666_ec8eaecf88_z.jpg,0.44813108444213867
14757587416_892a95bf77_z.jpg,0.3178730010986328
7270802858_c6e2b115e4_z.jpg,0.5854253768920898
8572756223_94130c5e61_z.jpg,0.43359875679016113
11381011104_36225e2ccc_z.jpg,0.5043916702270508
6168484879_e6b9644722_z.jpg,0.4107840061187744
19474810921_d2f23de0fc_z.jpg,0.4335918426513672
5021039430_0cda148fd5_z.jpg,0.3981945514678955
3069852951_85b984b709_z.jpg,0.43007779121398926
5333910985_ea4e62f651_z.jpg,0.470644474029541
48901634_c792cbab58_z.jpg,0.37885022163391113
268134569_0cea602ccb_z.jpg,0.46242427825927734
18068160735_6c2f214265_z.jpg,0.4592585563659668
5290576324_881daf8265_z.jpg,0.4356045722961426
5513074265_5b31a2339b_z.jpg,0.37868642807006836
5099996575_32762aeb7f_z.jpg,0.45592498779296875
5490854064_57151abb4f_z.jpg,0.45513367652893066
2468082692_49ec682990_z.jpg,0.4497263431549072
9238365388_d2bb1bb2e4_z.jpg,0.38120102882385254
5575004957_c281c5de1f_z.jpg,0.46041154861450195
6459633873_5effb4b6e5_z.jpg,0.4143943786621094
15625756039_d59f4e16fa_z.jpg,0.44745969772338867
241832541_43848dabf3_z.jpg,0.3628363609313965
5599702283_8562638984_z.jpg,0.38458895683288574
750912399_32f415ecb1_z.jpg,0.4850294589996338
15490190390_d64fe16141_z.jpg,0.3537404537200928
1229448893_42c357ea12_z.jpg,0.3743307590484619
1444579876_8c02edf580_z.jpg,0.42629003524780273
7417962302_a50fc8eb6b_z.jpg,0.42055726051330566
432591931_4789d0f0f1_z.jpg,0.4820213317871094
2392419690_8495e2b2c9_z.jpg,0.46973109245300293
7492624590_e473685314_z.jpg,0.6565554141998291
8744937858_81c17befae_z.jpg,0.3680145740509033
6098643678_fc8044b5ac_z.jpg,0.41443681716918945
21376683791_d98acff014_z.jpg,0.6111555099487305
2861862980_8aab1934f0_z.jpg,0.4364631175994873
2525539133_73f08a9471_z.jpg,0.3733651638031006
235979174_fcd7ef1374_z.jpg,0.47931814193725586
5877731495_29cc1a6c57_z.jpg,0.3591465950012207
5826499075_8c91ec270b_z.jpg,0.48566579818725586
51712355_49c2e95899_z.jpg,0.3673722743988037
9132297449_f27a6b1a45_z.jpg,0.5549051761627197
16850385890_8105762655_z.jpg,0.399944543838501
16982913298_aa90f2a62b_z.jpg,0.5717000961303711
3595778703_d3bec2f74e_z.jpg,0.4671759605407715
5021039430_0cda148fd5_z.jpg,0.4032156467437744
4975505027_db5864977d_z.jpg,0.48644590377807617
15490190390_d64fe16141_z.jpg,0.3719182014465332
202416281_527efb7418_z.jpg,0.4912147521972656
8349516772_6928ba8b88_z.jpg,0.4411184787750244
7928462126_bb6f3a98bf_z.jpg,0.3495824337005615
258460789_c4baeb300a_z.jpg,0.46944093704223633
9238365388_d2bb1bb2e4_z.jpg,0.36797428131103516
5826499075_8c91ec270b_z.jpg,0.4727671146392822
14652913468_5d3b2a39f1_z.jpg,0.44788599014282227
7675033952_b3caa0dd37_z.jpg,0.4396345615386963
9159634981_ea2947ff02_z.jpg,0.43489813804626465
15237426722_a51d199f2f_z.jpg,0.5268311500549316
5516505342_43268015f4_z.jpg,0.4579145908355713
1980856023_6049619444_z.jpg,0.45084118843078613
414586991_9630094229_z.jpg,0.46551942825317383
5652496789_70e6f301e9_z.jpg,0.4158806800842285
8523144329_569f1781b3_z.jpg,0.4969367980957031
6431153899_9ac59a36b4_z.jpg,0.4348142147064209
3442716929_7a26250063_z.jpg,0.37874579429626465
3360078465_de3ceaa137_z.jpg,0.39852213859558105
12988804124_bbea6d94c0_z.jpg,0.40285634994506836
20795376805_7d3aabfce1_z.jpg,0.3821878433227539
8572756223_94130c5e61_z.jpg,0.46183037757873535
4479906928_4ab0604d1c_z.jpg,0.4759531021118164
6309741882_b074ee1a96_z.jpg,0.4678919315338135
9132297449_f27a6b1a45_z.jpg,0.5566339492797852
528252616_a57e6257ff_z.jpg,0.4351973533630371
2861862980_8aab1934f0_z.jpg,0.42496585845947266
80536950_5993089209_z.jpg,0.45280003547668457
14786765330_5d381d2451_z.jpg,0.46753358840942383
7928462126_bb6f3a98bf_z.jpg,0.3640751838684082
342659307_d5d9d36af5_z.jpg,0.3083069324493408
2166320847_63a04a9303_z.jpg,0.37415075302124023
2788056049_b71f8998c7_z.jpg,0.4809150695800781
4941417139_1608ab2596_z.jpg,0.43964123725891113
202416281_527efb7418_z.jpg,0.44701147079467773
7175939730_9a03853d4c_z.jpg,0.44152140617370605
5826499075_8c91ec270b_z.jpg,0.4601314067840576
5490854064_57151abb4f_z.jpg,0.45038843154907227
1980856023_6049619444_z.jpg,0.43277454376220703
3666190087_ca2fb0d709_z.jpg,0.47064852714538574
4065552857_98aa8a39d4_z.jpg,0.426328182220459
8125475_d0a1063029_z.jpg,0.44817399978637695
432591931_4789d0f0f1_z.jpg,0.44418954849243164
2468082692_49ec682990_z.jpg,0.4388895034790039
3029397040_d35cf11083_z.jpg,0.42650294303894043
8523144329_569f1781b3_z.jpg,0.5082108974456787
10218081326_b6a2dd98f5_z.jpg,0.6156406402587891
15837810787_14c16de452_z.jpg,0.3781604766845703
2788056049_b71f8998c7_z.jpg,0.4258241653442383
5575004957_c281c5de1f_z.jpg,0.42739343643188477
5336089950_d2f4618519_z.jpg,0.3665039539337158
5708252159_5b4ac86a01_z.jpg,0.4326817989349365
11101898274_dcf6061b20_z.jpg,0.3995180130004883
6217890759_2a6a04d1d9_z.jpg,0.4684171676635742
4763265058_6c6dbb9abe_z.jpg,0.3967874050140381
5481347426_620620145e_z.jpg,0.400219202041626
2788056049_b71f8998c7_z.jpg,0.420870304107666
14265143426_0770389597_z.jpg,0.3962526321411133
9372235876_d7d69f1790_z.jpg,0.4851493835449219
890847666_ec8eaecf88_z.jpg,0.44450831413269043
19309035192_8666b8c4e2_z.jpg,0.42224717140197754
3157735385_c9e7580f03_z.jpg,0.46071434020996094
3209962531_f75dbe4341_z.jpg,0.38355278968811035
15083791924_c7195faca3_z.jpg,0.39321231842041016
7248771448_66aab6455d_z.jpg,0.46918320655822754
5826499075_8c91ec270b_z.jpg,0.4655632972717285
8634899263_5ce2555806_z.jpg,0.3861203193664551
6217890759_2a6a04d1d9_z.jpg,0.3715522289276123
6309741882_b074ee1a96_z.jpg,0.49993252754211426
7475018518_6c715a96c1_z.jpg,0.40862393379211426
8032610600_1dd81d41a4_z.jpg,0.41661500930786133
9201197273_a98cb719f5_z.jpg,0.4389207363128662
5484042252_37ce385b5f_z.jpg,0.4346487522125244
14869105327_a74f23fa8a_z.jpg,0.5664799213409424
8591221048_8fe555a40c_z.jpg,0.41396045684814453
5336089950_d2f4618519_z.jpg,0.3465604782104492
15584457029_80b75274db_z.jpg,0.4134244918823242
16954781749_4c32123444_z.jpg,0.3918800354003906
5605719660_5bed05cca3_z.jpg,0.4039301872253418
5575004957_c281c5de1f_z.jpg,0.4563283920288086
9688658716_4b3e9c618c_z.jpg,0.37773752212524414
8651904899_c2632fe751_z.jpg,0.39801669120788574
258460789_c4baeb300a_z.jpg,0.4200460910797119
5340010485_edeaa88c83_z.jpg,0.5050864219665527
5298849761_aeeed1a3f9_z.jpg,0.3624281883239746
4231227841_3821544fe1_z.jpg,0.5880992412567139
5599702283_8562638984_z.jpg,0.38933634757995605
3442716929_7a26250063_z.jpg,0.4053800106048584
2553120516_dd48754dc4_z.jpg,0.40407419204711914
1511658057_17b7bac11a_z.jpg,0.41077351570129395
2946145533_75f5268f19_z.jpg,0.44176435470581055
300422857_eb3a885357_z.jpg,0.5904936790466309
14628257582_1ff5e98e4c_z.jpg,0.3474864959716797
7163490183_0dff14b5d6_z.jpg,0.3587055206298828
6098643678_fc8044b5ac_z.jpg,0.410358190536499
224422461_dddd4c8e99_z.jpg,0.4450225830078125
300422857_eb3a885357_z.jpg,0.5890114307403564
189076128_ee6f694a30_z.jpg,0.416332483291626
6117174227_6e5da0556b_z.jpg,0.39235568046569824
19299023856_077e45c472_z.jpg,0.3633086681365967
15196353300_2dcb1a1948_z.jpg,0.396503210067749
3959888385_3580cd572c_z.jpg,0.4956958293914795
10921149963_027e750820_z.jpg,0.3624002933502197
5021039430_0cda148fd5_z.jpg,0.389540433883667
7283869010_60b2e311b5_z.jpg,0.5412952899932861
8032610600_1dd81d41a4_z.jpg,0.41298413276672363
15091650494_d8a5f37637_z.jpg,0.4024031162261963
15617633365_316afedb8d_z.jpg,0.5901279449462891
2370036280_507a07c953_z.jpg,0.4203946590423584
11132512636_ebb3a6a070_z.jpg,0.3780393600463867
9057859369_5a432fdfe1_z.jpg,0.4048621654510498
10915137264_e8c23d54b4_z.jpg,0.4005095958709717
5481347426_620620145e_z.jpg,0.3970789909362793
2883059364_a6ccfaf69a_z.jpg,0.42345261573791504
17554656478_22dea58ed2_z.jpg,0.40447354316711426
1428837563_12ec867e05_z.jpg,0.46644020080566406
414586991_9630094229_z.jpg,0.4864349365234375
5516505342_43268015f4_z.jpg,0.4396805763244629
892497288_b916ec820e_z.jpg,0.4331331253051758
5340010485_edeaa88c83_z.jpg,0.460613489151001
3157735385_c9e7580f03_z.jpg,0.4563465118408203
7581740758_a1c5cf246e_z.jpg,0.3585164546966553
3850147043_06970bc680_z.jpg,0.47624993324279785
8399932836_19c21d3779_z.jpg,0.46834802627563477
2166320847_63a04a9303_z.jpg,0.41065239906311035
15625756039_d59f4e16fa_z.jpg,0.42823362350463867
3141821008_3743fb8be5_z.jpg,0.43763136863708496
4029738064_00c4cd038b_z.jpg,0.38347721099853516
3499391979_76c0c01a3c_z.jpg,0.38918280601501465
9372235876_d7d69f1790_z.jpg,0.4864377975463867
4763265058_6c6dbb9abe_z.jpg,0.35921287536621094
4484760806_dc814d2ce2_z.jpg,0.3931612968444824
5048937296_7c707f1d71_z.jpg,0.5233032703399658
6180200475_fda2795252_z.jpg,0.4324522018432617
9238365388_d2bb1bb2e4_z.jpg,0.4108595848083496
2882148223_72d4df2a8e_z.jpg,0.46018195152282715
2883059364_a6ccfaf69a_z.jpg,0.47034144401550293
8922688952_9cacbffe29_z.jpg,0.34078288078308105
5763085728_cd042a4cb0_z.jpg,0.39894771575927734
5877730305_f5e3d13667_z.jpg,0.4044802188873291
14265143426_0770389597_z.jpg,0.38945841789245605
82706249_bf54b24c4e_z.jpg,0.23997211456298828
7664570690_6ab2f0ab5d_z.jpg,0.4516580104827881
8291522231_19e1414c1b_z.jpg,0.5370843410491943
6113997729_5f5ac02209_z.jpg,0.4868197441101074
6431185703_6c72dd7b5e_z.jpg,0.41466546058654785
3703720579_4a2cf4af15_z.jpg,0.5173892974853516
15625756039_d59f4e16fa_z.jpg,0.441957950592041
9031823026_3e55960d76_z.jpg,0.35446906089782715
2392419690_8495e2b2c9_z.jpg,0.46922731399536133
5340010485_edeaa88c83_z.jpg,0.4738194942474365
6141562070_11880edf2e_z.jpg,0.42566680908203125
2392419690_8495e2b2c9_z.jpg,0.46137356758117676
10921149963_027e750820_z.jpg,0.43263792991638184
2392419690_8495e2b2c9_z.jpg,0.49852728843688965
7110476047_267467ee68_z.jpg,0.44568634033203125
361146297_ca9b5c8799_z.jpg,0.4627187252044678
5540859766_5596c9c59e_z.jpg,0.4810783863067627
5007439610_5bb351fc1f_z.jpg,0.43408203125
6431153899_9ac59a36b4_z.jpg,0.42176032066345215
414586991_9630094229_z.jpg,0.5073070526123047
3895919953_9ba2530425_z.jpg,0.437420129776001
16982913298_aa90f2a62b_z.jpg,0.605435848236084
677743874_168dcb5ed1_z.jpg,0.408172607421875
8132134109_24eaa95e21_z.jpg,0.35138416290283203
6098643678_fc8044b5ac_z.jpg,0.41389894485473633
5099996575_32762aeb7f_z.jpg,0.4311635494232178
11132512636_ebb3a6a070_z.jpg,0.42588019371032715
3607850542_a3577913d7_z.jpg,0.44582700729370117
3452990622_cfb5fba34a_z.jpg,0.4650845527648926
7782123174_dbda292cef_z.jpg,0.47345399856567383
2787764752_0277f5bbb2_z.jpg,0.48821115493774414
4479906928_4ab0604d1c_z.jpg,0.45278024673461914
2882148223_72d4df2a8e_z.jpg,0.47276830673217773
5099996575_32762aeb7f_z.jpg,0.45803189277648926
16433605163_8c9393beb1_z.jpg,0.48456239700317383
6723753569_a1d8678cde_z.jpg,0.4155700206756592
98052295_1221189a77_z.jpg,0.5146346092224121
252889263_3cf2d57f34_z.jpg,0.47421956062316895
14351072751_334621d203_z.jpg,0.4709038734436035
6835338988_c013b40c94_z.jpg,0.42371273040771484
18285977255_534ec8e749_z.jpg,0.4107205867767334
6111783458_61cc1f0f88_z.jpg,0.37981581687927246
3300269400_c276d7a1a7_z.jpg,0.46778416633605957
8773393046_236298c465_z.jpg,0.38922667503356934
4763265058_6c6dbb9abe_z.jpg,0.4316864013671875
5943858783_a2cc450fb3_z.jpg,0.3948800563812256
5484042252_37ce385b5f_z.jpg,0.4686553478240967
6102395478_8c004e1142_z.jpg,0.47287607192993164
98052295_1221189a77_z.jpg,0.46822524070739746
14786765330_5d381d2451_z.jpg,0.42622900009155273
1570513225_265b529538_z.jpg,0.40591955184936523
219320127_ff9873aaf5_z.jpg,0.43759799003601074
858829152_629399f0a4_z.jpg,0.5018186569213867
4226351112_a6f67d031e_z.jpg,0.44018101692199707
21376683791_d98acff014_z.jpg,0.6350388526916504
1229448893_42c357ea12_z.jpg,0.37660670280456543
7675033952_b3caa0dd37_z.jpg,0.4839813709259033
4163439575_7c6a260e8e_z.jpg,0.47780346870422363
3442716929_7a26250063_z.jpg,0.4004840850830078
5007439610_5bb351fc1f_z.jpg,0.4484410285949707
506974894_b74672813b_z.jpg,0.40263819694519043
8922688952_9cacbffe29_z.jpg,0.38585329055786133
15083791924_c7195faca3_z.jpg,0.4263162612915039
3604271495_1cacccec06_z.jpg,0.4124455451965332
239427670_897dedb1ea_z.jpg,0.41602182388305664
541124874_7247349bb7_z.jpg,0.40065598487854004
6455179889_6db5a93bfa_z.jpg,0.49620914459228516
3895919953_9ba2530425_z.jpg,0.4489772319793701
4991188769_8642331e2c_z.jpg,0.4467790126800537
677743874_168dcb5ed1_z.jpg,0.3821876049041748
6168484879_e6b9644722_z.jpg,0.4353978633880615
19283436_772222a19e_z.jpg,0.504432201385498
6431185703_6c72dd7b5e_z.jpg,0.42650794982910156
1570513225_265b529538_z.jpg,0.524268627166748
3029397040_d35cf11083_z.jpg,0.44400858879089355
750912399_32f415ecb1_z.jpg,0.4776608943939209
11335325886_75cf456ea8_z.jpg,0.5705451965332031
5436402112_3aee3141a7_z.jpg,0.5449540615081787
8289650934_506c73242a_z.jpg,0.5113110542297363
15392489891_905432249f_z.jpg,0.3974800109863281
8922688952_9cacbffe29_z.jpg,0.39464426040649414
5490854064_57151abb4f_z.jpg,0.44266533851623535
14351072751_334621d203_z.jpg,0.5310573577880859
14786765330_5d381d2451_z.jpg,0.4724092483520508
8538565946_199e28b584_z.jpg,0.5669500827789307
15617633365_316afedb8d_z.jpg,0.5985689163208008
13472183804_b6c8633f6e_z.jpg,0.45935583114624023
2667833832_bf9ddddac5_z.jpg,0.4684257507324219
20264405486_14055e8288_z.jpg,0.44451045989990234
7192116992_5447de0caa_z.jpg,0.4444711208343506
16679943419_b0fd9b6858_z.jpg,0.41134142875671387
438887381_0a2a4e97e4_z.jpg,0.37796974182128906
4414731678_5f70c9f88e_z.jpg,0.48633360862731934
6100259603_28a9794ed5_z.jpg,0.37871384620666504
3069852951_85b984b709_z.jpg,0.4933762550354004
12041194676_da91e0d068_z.jpg,0.36670804023742676
8399932836_19c21d3779_z.jpg,0.49058008193969727
3209962531_f75dbe4341_z.jpg,0.41503167152404785
5484042252_37ce385b5f_z.jpg,0.4375791549682617
104222040_c20f16bbc0_z.jpg,0.44985198974609375
1492095547_3a48dbc70b_z.jpg,0.45794153213500977
15071673457_0703cea442_z.jpg,0.3745253086090088
890847666_ec8eaecf88_z.jpg,0.5154438018798828
8289650934_506c73242a_z.jpg,0.5481812953948975
5827517048_a890acd7e6_z.jpg,0.4599909782409668
3959888385_3580cd572c_z.jpg,0.5495946407318115
2433290346_8482cac895_z.jpg,0.39894890785217285
8464801471_b2b61acc7b_z.jpg,0.40756845474243164
14757587416_892a95bf77_z.jpg,0.38186144828796387
4781592393_07d35524ef_z.jpg,1.8663222789764404
7166182137_a5679c9fa4_z.jpg,0.5338284969329834
8343384446_ebe3bc86ce_z.jpg,0.7749922275543213
36110689_9cbbccb36a_z.jpg,0.5961441993713379
7675033952_b3caa0dd37_z.jpg,0.554680347442627
1511658057_17b7bac11a_z.jpg,0.5088427066802979
2746929519_3599d54cfb_z.jpg,0.5671446323394775
6771874127_f8f380b3cb_z.jpg,0.5714201927185059
15071673457_0703cea442_z.jpg,0.48911619186401367
5605719660_5bed05cca3_z.jpg,0.5521585941314697
5974549533_83d56b822d_z.jpg,0.5750987529754639
4975505027_db5864977d_z.jpg,0.5748958587646484
17554656478_22dea58ed2_z.jpg,0.48041701316833496
5021039430_0cda148fd5_z.jpg,0.4906296730041504
5436402112_3aee3141a7_z.jpg,0.6275889873504639
15235483580_08696e0988_z.jpg,0.4640774726867676
5827517048_a890acd7e6_z.jpg,0.4955422878265381
13340204053_873cda4cef_z.jpg,0.47748613357543945
2746929519_3599d54cfb_z.jpg,0.5619378089904785
3283350420_d2b4b8fef3_z.jpg,0.5156340599060059
4597825116_8ec71a76cf_z.jpg,0.5494563579559326
4730790029_bdc24fcb8c_z.jpg,0.5016336441040039
2861862980_8aab1934f0_z.jpg,0.5509333610534668
432591931_4789d0f0f1_z.jpg,0.5876498222351074
3685504815_c15a389bd3_z.jpg,0.5661883354187012
4414731678_5f70c9f88e_z.jpg,0.5433483123779297
8562326627_1a68052e58_z.jpg,0.7189044952392578
8343384446_ebe3bc86ce_z.jpg,0.7037768363952637
14811525368_d8b774e40a_z.jpg,0.4949772357940674
5575004957_c281c5de1f_z.jpg,0.5534219741821289
3685504815_c15a389bd3_z.jpg,0.5656633377075195
6217890759_2a6a04d1d9_z.jpg,0.4857676029205322
3632975096_ec47d16f37_z.jpg,0.5603787899017334
9755183855_953c4f062c_z.jpg,0.4518563747406006
234597792_a9f1e7e7a9_z.jpg,0.4802718162536621
11381011104_36225e2ccc_z.jpg,0.6499531269073486
6097504753_2971a9eaa6_z.jpg,0.5787618160247803
8106854318_06c1cc0fc3_z.jpg,0.5478973388671875
1229448893_42c357ea12_z.jpg,0.46085476875305176
9238365388_d2bb1bb2e4_z.jpg,0.5144853591918945
6881088206_947a7622d4_z.jpg,0.5554137229919434
1980856023_6049619444_z.jpg,0.593574047088623
8132134109_24eaa95e21_z.jpg,0.39969611167907715
4282546783_10b5e0a62e_z.jpg,0.524486780166626
159051371_77f7d02bb6_z.jpg,0.5483026504516602
3029397040_d35cf11083_z.jpg,0.45747923851013184
225687978_713319e6c1_z.jpg,0.4872395992279053
8562326627_1a68052e58_z.jpg,0.6743412017822266
144429519_9567ff4044_z.jpg,0.48851990699768066
235979174_fcd7ef1374_z.jpg,0.5434713363647461
12041194676_da91e0d068_z.jpg,0.5035417079925537
81717243_2c9fcf3dab_z.jpg,0.5691192150115967
2433596596_377bb91619_z.jpg,0.5717194080352783
33580840_a67c2b796a_z.jpg,0.5542519092559814
9238365388_d2bb1bb2e4_z.jpg,0.4356198310852051
15071673457_0703cea442_z.jpg,0.4672877788543701
51712355_49c2e95899_z.jpg,0.4723958969116211
8572756223_94130c5e61_z.jpg,0.6089322566986084
6455179889_6db5a93bfa_z.jpg,0.5602948665618896
7270802858_c6e2b115e4_z.jpg,0.7321765422821045
414586991_9630094229_z.jpg,0.5853774547576904
204668081_9bb000df17_z.jpg,0.6563241481781006
3413987789_b607473327_z.jpg,0.5451207160949707
235979174_fcd7ef1374_z.jpg,0.5283749103546143
15782459318_437c57f515_z.jpg,0.4919886589050293
5007439610_5bb351fc1f_z.jpg,0.5234310626983643
9549882142_c59c04bac0_z.jpg,0.4293510913848877
6102395478_8c004e1142_z.jpg,0.5409059524536133
7283869010_60b2e311b5_z.jpg,0.6634206771850586
15589191923_99889a9f83_z.jpg,0.5391826629638672
33580840_a67c2b796a_z.jpg,0.5596415996551514
2667833832_bf9ddddac5_z.jpg,0.5363922119140625
2179537346_d695661bbc_z.jpg,0.4896821975708008
211850545_7f670901ab_z.jpg,0.4393949508666992
2667833832_bf9ddddac5_z.jpg,0.5549349784851074
340359612_df41037e73_z.jpg,0.51004958152771
19283436_772222a19e_z.jpg,0.5318038463592529
20646999908_c3400d3ef6_z.jpg,0.5342807769775391
7035751851_15d745cf2c_z.jpg,0.5277798175811768
2788056049_b71f8998c7_z.jpg,0.5224745273590088
3360078465_de3ceaa137_z.jpg,0.4889364242553711
342659307_d5d9d36af5_z.jpg,0.3458547592163086
11132512636_ebb3a6a070_z.jpg,0.4820518493652344
9002629162_51388d1396_z.jpg,0.484574556350708
5481347426_620620145e_z.jpg,0.5136830806732178
3582713912_3d9ac5ecc9_z.jpg,0.5314748287200928
5816846412_7b6fa97da0_z.jpg,0.4746999740600586
6431185703_6c72dd7b5e_z.jpg,0.4606316089630127
3413987789_b607473327_z.jpg,0.5635864734649658
9057859369_5a432fdfe1_z.jpg,0.45261645317077637
8922688952_9cacbffe29_z.jpg,0.45464181900024414
14786765330_5d381d2451_z.jpg,0.5718927383422852
7843905188_07e5d2a569_z.jpg,0.44825172424316406
6141562070_11880edf2e_z.jpg,0.4822709560394287
201365540_d1af73d7cd_z.jpg,0.549074649810791
296513213_9681371ed9_z.jpg,0.4543757438659668
4414731678_5f70c9f88e_z.jpg,0.5666530132293701
3604271495_1cacccec06_z.jpg,0.4454038143157959
7417962302_a50fc8eb6b_z.jpg,0.4660913944244385
4282546783_10b5e0a62e_z.jpg,0.5741803646087646
5877731495_29cc1a6c57_z.jpg,0.44971370697021484
528252616_a57e6257ff_z.jpg,0.5570635795593262
8488918795_f8ba7dabb6_z.jpg,0.48632073402404785
414586991_9630094229_z.jpg,0.6057734489440918
2522213440_edbcb5ba05_z.jpg,0.4895038604736328
2177230709_086e9d23d8_z.jpg,0.4764077663421631
3968015804_ac83717a19_z.jpg,0.4507937431335449
6410065163_fef2877544_z.jpg,0.4850339889526367
10915137264_e8c23d54b4_z.jpg,0.48163342475891113
105398161_799ded9b2a_z.jpg,0.5602827072143555
3195432512_d0a96b2967_z.jpg,0.5402481555938721
300422857_eb3a885357_z.jpg,0.7200701236724854
84410494_ab268290cf_z.jpg,0.5463364124298096
3290610375_c742148226_z.jpg,0.4801216125488281
4479906928_4ab0604d1c_z.jpg,0.5467314720153809
11484364375_4180af41fc_z.jpg,0.47338199615478516
7742706992_27215ef7f8_z.jpg,0.44951868057250977
4226351112_a6f67d031e_z.jpg,0.5615293979644775
5753318048_1cde42cb1f_z.jpg,0.573366641998291
1511658057_17b7bac11a_z.jpg,0.46945905685424805
5943858783_a2cc450fb3_z.jpg,0.4361889362335205
2718097307_1fb900f17a_z.jpg,0.4649183750152588
2136213674_4e484d88e3_z.jpg,0.5679492950439453
5402229494_570e48f7f9_z.jpg,0.44019246101379395
3372528428_1fdbd7e39c_z.jpg,0.5520753860473633
6771874127_f8f380b3cb_z.jpg,0.4496009349822998
1134141407_0254c76c4d_z.jpg,0.4244871139526367
15083791924_c7195faca3_z.jpg,0.4745824337005615
15584457029_80b75274db_z.jpg,0.495434045791626
5599702283_8562638984_z.jpg,0.5133538246154785
2768961204_712996d2bd_z.jpg,0.4310135841369629
51712355_49c2e95899_z.jpg,0.5025920867919922
3582713912_3d9ac5ecc9_z.jpg,0.5384335517883301
9159634981_ea2947ff02_z.jpg,0.6874549388885498
3666190087_ca2fb0d709_z.jpg,0.6361446380615234
3290610375_c742148226_z.jpg,0.5275321006774902
2136213674_4e484d88e3_z.jpg,0.5903041362762451
3360078465_de3ceaa137_z.jpg,0.5032994747161865
9132297449_f27a6b1a45_z.jpg,0.7514908313751221
9057859369_5a432fdfe1_z.jpg,0.5013368129730225
6168484879_e6b9644722_z.jpg,0.5016374588012695
8634899263_5ce2555806_z.jpg,0.522841215133667
15333662010_2f428f7e2f_z.jpg,0.5342814922332764
6141562070_11880edf2e_z.jpg,0.5384454727172852
2296897953_08627d83a0_z.jpg,0.6051056385040283
4941417139_1608ab2596_z.jpg,0.5693864822387695
20264405486_14055e8288_z.jpg,0.6671628952026367
809525484_e2e6f137aa_z.jpg,0.6679322719573975
8960442702_6c931904f0_z.jpg,0.5395951271057129
14265143426_0770389597_z.jpg,0.4904298782348633
3029397040_d35cf11083_z.jpg,0.5363564491271973
18068160735_6c2f214265_z.jpg,0.5700769424438477
14351072751_334621d203_z.jpg,0.718127965927124
5827517048_a890acd7e6_z.jpg,0.6135375499725342
6168484879_e6b9644722_z.jpg,0.5526072978973389
36110689_9cbbccb36a_z.jpg,0.6675276756286621
5340010485_edeaa88c83_z.jpg,0.6004056930541992
3844809782_aa1ce17781_z.jpg,0.5732569694519043
6076857457_7a06e6ab35_z.jpg,0.5740547180175781
6459633873_5effb4b6e5_z.jpg,0.5259387493133545
3607850542_a3577913d7_z.jpg,0.5602219104766846
17554656478_22dea58ed2_z.jpg,0.5847079753875732
6924362656_d86bedc2e4_z.jpg,0.6299960613250732
144429519_9567ff4044_z.jpg,0.5192739963531494
2177634493_51ca0597e2_z.jpg,0.7821149826049805
3844809782_aa1ce17781_z.jpg,0.5590102672576904
4991188769_8642331e2c_z.jpg,0.4998006820678711
82706249_bf54b24c4e_z.jpg,0.32157206535339355
20795376805_7d3aabfce1_z.jpg,0.4938511848449707
14409775264_5b589b56b4_z.jpg,0.5524320602416992
2230295891_a68077f047_z.jpg,0.5089099407196045
2787764752_0277f5bbb2_z.jpg,0.5489439964294434
3715997008_28a251eba7_z.jpg,0.5134339332580566
4484760806_dc814d2ce2_z.jpg,0.5204429626464844
5506132265_d6d43548eb_z.jpg,0.5229735374450684
5436402112_3aee3141a7_z.jpg,0.6676950454711914
3291298501_9a8eed3fa0_z.jpg,0.486339807510376
3703720579_4a2cf4af15_z.jpg,0.658782958984375
5605719660_5bed05cca3_z.jpg,0.4970967769622803
2814480856_385049d567_z.jpg,0.6300163269042969
204668081_9bb000df17_z.jpg,0.6355922222137451
541124874_7247349bb7_z.jpg,0.5200717449188232
5425389979_390e3f3881_z.jpg,0.5450775623321533
4380790081_1cbcb573ec_z.jpg,0.5036747455596924
4901520304_aa5c10705e_z.jpg,0.5400528907775879
3462334590_2b8f39c540_z.jpg,0.7091071605682373
5007439610_5bb351fc1f_z.jpg,0.5678644180297852
19309035192_8666b8c4e2_z.jpg,0.5485615730285645
2136213674_4e484d88e3_z.jpg,0.5815694332122803
5816846412_7b6fa97da0_z.jpg,0.46848344802856445
7417962302_a50fc8eb6b_z.jpg,0.49643993377685547
2296897953_08627d83a0_z.jpg,0.610987663269043
3812603979_2102c37672_z.jpg,0.46366262435913086
8874948232_195679aa4e_z.jpg,0.49837636947631836
2918687630_5108e3e2ab_z.jpg,0.49216485023498535
4349979920_189df35e15_z.jpg,0.5925967693328857
9549882142_c59c04bac0_z.jpg,0.4235067367553711
2768961204_712996d2bd_z.jpg,0.40023350715637207
7019541657_00e6c7a645_z.jpg,0.5065920352935791
20959877010_552298f5f8_z.jpg,0.48346424102783203
5877730305_f5e3d13667_z.jpg,0.5592584609985352
2177230709_086e9d23d8_z.jpg,0.4850926399230957
225687978_713319e6c1_z.jpg,0.5137012004852295
36110689_9cbbccb36a_z.jpg,0.6484568119049072
1908136167_cae3414e7e_z.jpg,0.4961848258972168
15837810787_14c16de452_z.jpg,0.49309778213500977
2468082692_49ec682990_z.jpg,0.6092910766601562
5466970559_0f7b06bcd6_z.jpg,0.47486090660095215
5402229494_570e48f7f9_z.jpg,0.4926261901855469
4065552857_98aa8a39d4_z.jpg,0.4978463649749756
211850545_7f670901ab_z.jpg,0.4876532554626465
506974894_b74672813b_z.jpg,0.4942514896392822
3604271495_1cacccec06_z.jpg,0.5337543487548828
2999108747_2b1e0ac45f_z.jpg,0.5642940998077393
3666190087_ca2fb0d709_z.jpg,0.6158127784729004
16982913298_aa90f2a62b_z.jpg,0.7860469818115234
13340204053_873cda4cef_z.jpg,0.437420129776001
4030862073_d697f506b0_z.jpg,0.7183651924133301
15237426722_a51d199f2f_z.jpg,0.6071598529815674
5093076088_7bc77ec199_z.jpg,0.5448369979858398
750912399_32f415ecb1_z.jpg,0.5791091918945312
738798561_2d54b53ec5_z.jpg,0.5653586387634277
1570552254_fcac0be216_z.jpg,0.5234801769256592
6985531639_71621c1e69_z.jpg,0.49620723724365234
16658372825_affc436763_z.jpg,0.43671536445617676
15584457029_80b75274db_z.jpg,0.490541934967041
1134141407_0254c76c4d_z.jpg,0.46842122077941895
7175939730_9a03853d4c_z.jpg,0.5602259635925293
6102395478_8c004e1142_z.jpg,0.5441100597381592
8032610600_1dd81d41a4_z.jpg,0.49541473388671875
3446761063_9cdc26f36c_z.jpg,0.5128052234649658
84410494_ab268290cf_z.jpg,0.5751543045043945
296513213_9681371ed9_z.jpg,0.4580717086791992
8488918795_f8ba7dabb6_z.jpg,0.5247073173522949
16599186017_25f46b7511_z.jpg,0.7877340316772461
19309035192_8666b8c4e2_z.jpg,0.5364973545074463
2814480856_385049d567_z.jpg,0.5838699340820312
5466970559_0f7b06bcd6_z.jpg,0.48619937896728516
15071673457_0703cea442_z.jpg,0.4731414318084717
10218081326_b6a2dd98f5_z.jpg,0.7904372215270996
7843905188_07e5d2a569_z.jpg,0.48598408699035645
9372235876_d7d69f1790_z.jpg,0.6144320964813232
19577109682_a0282d8678_z.jpg,0.5158250331878662
5048937296_7c707f1d71_z.jpg,0.6624431610107422
207320225_2446b6cf11_z.jpg,0.5100626945495605
14652913468_5d3b2a39f1_z.jpg,0.5344159603118896
31792151_e1e4c47427_z.jpg,0.5046553611755371
4029738064_00c4cd038b_z.jpg,0.499783992767334
16679943419_b0fd9b6858_z.jpg,0.5176429748535156
2784964324_0b0373fd24_z.jpg,0.5394291877746582
3595778703_d3bec2f74e_z.jpg,0.545987606048584
5481347426_620620145e_z.jpg,0.5022087097167969
15038212434_9e0e575008_z.jpg,0.7412383556365967
2534669669_0c1d10c3e6_z.jpg,0.549767255783081
15490190390_d64fe16141_z.jpg,0.4784724712371826
34095624_ce7c705614_z.jpg,0.6059446334838867
12570366253_52905ec5a1_z.jpg,0.5710699558258057
3715997008_28a251eba7_z.jpg,0.5027077198028564
4484760806_dc814d2ce2_z.jpg,0.48707127571105957
4467873253_2ce7540d62_z.jpg,0.48827123641967773
9573099282_bbc0b12c70_z.jpg,0.595266580581665
15617633365_316afedb8d_z.jpg,0.7782971858978271
2169952827_05bddc305e_z.jpg,0.46117234230041504
14811525368_d8b774e40a_z.jpg,0.49866414070129395
19283436_772222a19e_z.jpg,0.5268101692199707
9159634981_ea2947ff02_z.jpg,0.5928542613983154
4370423313_49f3722e85_z.jpg,0.5596230030059814
4029738064_00c4cd038b_z.jpg,0.5127735137939453
19309035192_8666b8c4e2_z.jpg,0.5610859394073486
3703720579_4a2cf4af15_z.jpg,0.5567474365234375
7443993440_80892cc39d_z.jpg,0.7674670219421387
3312304999_bc296f3260_z.jpg,0.4020826816558838
8464801471_b2b61acc7b_z.jpg,0.49477434158325195
489195247_b908298ee6_z.jpg,0.5358681678771973
5516505342_43268015f4_z.jpg,0.5587413311004639
2861862980_8aab1934f0_z.jpg,0.5653634071350098
2538610337_8cbdfed59e_z.jpg,0.7034211158752441
7110476047_267467ee68_z.jpg,0.5283293724060059
11335325886_75cf456ea8_z.jpg,0.6811115741729736
6180200475_fda2795252_z.jpg,0.5474886894226074
8349516772_6928ba8b88_z.jpg,0.5798053741455078
8773393046_236298c465_z.jpg,0.5002901554107666
5490854064_57151abb4f_z.jpg,0.5764126777648926
16679943419_b0fd9b6858_z.jpg,0.46607542037963867
1229448893_42c357ea12_z.jpg,0.47168898582458496
2667833832_bf9ddddac5_z.jpg,0.5672435760498047
48901634_c792cbab58_z.jpg,0.47405505180358887
2784964324_0b0373fd24_z.jpg,0.5770342350006104
8744937858_81c17befae_z.jpg,0.46219730377197266
16107639462_07e2d4455d_z.jpg,0.495560884475708
8289650934_506c73242a_z.jpg,0.6937716007232666
16675918410_cc9588a553_z.jpg,0.4572489261627197
3595778703_d3bec2f74e_z.jpg,0.5557868480682373
7443993440_80892cc39d_z.jpg,0.7426888942718506
6897439523_236f77f06f_z.jpg,0.5485439300537109
11709285374_bbb0e09e4e_z.jpg,0.5456840991973877
738798561_2d54b53ec5_z.jpg,0.5826911926269531
6111783458_61cc1f0f88_z.jpg,0.4615201950073242
3157735385_c9e7580f03_z.jpg,0.5942695140838623
8538565946_199e28b584_z.jpg,0.6625461578369141
4083309359_020d325f73_z.jpg,0.49898529052734375
9132297449_f27a6b1a45_z.jpg,0.700674295425415
5336089950_d2f4618519_z.jpg,0.4612464904785156
8106854318_06c1cc0fc3_z.jpg,0.5487430095672607
258460789_c4baeb300a_z.jpg,0.5314767360687256
7675033952_b3caa0dd37_z.jpg,0.5630128383636475
3300269400_c276d7a1a7_z.jpg,0.5714011192321777
6117174227_6e5da0556b_z.jpg,0.4682767391204834
16104664631_cce4a9a58c_z.jpg,0.5976049900054932
2784964324_0b0373fd24_z.jpg,0.5612180233001709
3604271495_1cacccec06_z.jpg,0.45778846740722656
9057859369_5a432fdfe1_z.jpg,0.49430179595947266
6168484879_e6b9644722_z.jpg,0.49043989181518555
4728907141_f9e5aa4bce_z.jpg,0.6085612773895264
15617633365_316afedb8d_z.jpg,0.7833869457244873
16789366715_633121f7bb_z.jpg,0.4938328266143799
4728907141_f9e5aa4bce_z.jpg,0.5409283638000488
15490190390_d64fe16141_z.jpg,0.48377490043640137
4414731678_5f70c9f88e_z.jpg,0.5789520740509033
16675918410_cc9588a553_z.jpg,0.4004628658294678
7675033952_b3caa0dd37_z.jpg,0.5323572158813477
6098643678_fc8044b5ac_z.jpg,0.489926815032959
6459633873_5effb4b6e5_z.jpg,0.4938323497772217
3069852951_85b984b709_z.jpg,0.5287415981292725
16106543870_2f167db1e1_z.jpg,0.5985822677612305
6771874127_f8f380b3cb_z.jpg,0.461259126663208
1570552254_fcac0be216_z.jpg,0.4872715473175049
412652687_4d6cb46129_z.jpg,0.5657858848571777
15071673457_0703cea442_z.jpg,0.48204874992370605
5387089136_efcdc42456_z.jpg,0.5088024139404297
7475018518_6c715a96c1_z.jpg,0.5202250480651855
3679100484_a8e3044e55_z.jpg,0.5395989418029785
8349516772_6928ba8b88_z.jpg,0.5974924564361572
16106543870_2f167db1e1_z.jpg,0.5621645450592041
16106543870_2f167db1e1_z.jpg,0.5671405792236328
3595778703_d3bec2f74e_z.jpg,0.5475063323974609
15083791924_c7195faca3_z.jpg,0.5183720588684082
7270802858_c6e2b115e4_z.jpg,0.7733316421508789
4349979920_189df35e15_z.jpg,0.5182130336761475
16104664631_cce4a9a58c_z.jpg,0.5985863208770752
342659307_d5d9d36af5_z.jpg,0.3085784912109375
2918687630_5108e3e2ab_z.jpg,0.48320746421813965
4231227841_3821544fe1_z.jpg,0.6903548240661621
15625756039_d59f4e16fa_z.jpg,0.6055035591125488
3607850542_a3577913d7_z.jpg,0.5461783409118652
6102395478_8c004e1142_z.jpg,0.5469963550567627
15589191923_99889a9f83_z.jpg,0.5475163459777832
2667833832_bf9ddddac5_z.jpg,0.5569424629211426
9573099282_bbc0b12c70_z.jpg,0.5836591720581055
2746929519_3599d54cfb_z.jpg,0.5868721008300781
80536950_5993089209_z.jpg,0.5593733787536621
6102395478_8c004e1142_z.jpg,0.5412037372589111
2787764752_0277f5bbb2_z.jpg,0.5500314235687256
432591931_4789d0f0f1_z.jpg,0.5365633964538574
2918687630_5108e3e2ab_z.jpg,0.5004410743713379
159051371_77f7d02bb6_z.jpg,0.5701935291290283
3197300261_4e5e9c5e3e_z.jpg,0.7434267997741699
268134569_0cea602ccb_z.jpg,0.578887939453125
9057859369_5a432fdfe1_z.jpg,0.5022926330566406
438887381_0a2a4e97e4_z.jpg,0.486189603805542
6723753569_a1d8678cde_z.jpg,0.49181222915649414
528252616_a57e6257ff_z.jpg,0.5685908794403076
10218081326_b6a2dd98f5_z.jpg,0.7513208389282227
234597792_a9f1e7e7a9_z.jpg,0.48587822914123535
252889263_3cf2d57f34_z.jpg,0.5708794593811035
3283350420_d2b4b8fef3_z.jpg,0.48095011711120605
2788056049_b71f8998c7_z.jpg,0.5629177093505859
953262953_340a098204_z.jpg,0.47606897354125977
677743874_168dcb5ed1_z.jpg,0.4950368404388428
361146297_ca9b5c8799_z.jpg,0.5911235809326172
6723753569_a1d8678cde_z.jpg,0.45411133766174316
16982913298_aa90f2a62b_z.jpg,0.7945265769958496
2177230709_086e9d23d8_z.jpg,0.473923921585083
6168484879_e6b9644722_z.jpg,0.49787378311157227
2538610337_8cbdfed59e_z.jpg,0.6869058609008789
5540859766_5596c9c59e_z.jpg,0.5942761898040771
4597825116_8ec71a76cf_z.jpg,0.558391809463501
20795376805_7d3aabfce1_z.jpg,0.4586830139160156
5513074265_5b31a2339b_z.jpg,0.5143671035766602
105398161_799ded9b2a_z.jpg,0.541776180267334
138805025_80da2e3a82_z.jpg,0.5681483745574951
6180200475_fda2795252_z.jpg,0.5654904842376709
2882148223_72d4df2a8e_z.jpg,0.5510985851287842
18068160735_6c2f214265_z.jpg,0.5425136089324951
1553312291_c0cae48a37_z.jpg,0.3252723217010498
677743874_168dcb5ed1_z.jpg,0.5045328140258789
6238072987_89f2925563_z.jpg,0.557159423828125
13368340424_5c1f322f72_z.jpg,0.57342529296875
2882148223_72d4df2a8e_z.jpg,0.5692110061645508
8464801471_b2b61acc7b_z.jpg,0.47892212867736816
3703720579_4a2cf4af15_z.jpg,0.5673251152038574
5484042252_37ce385b5f_z.jpg,0.5670654773712158
19474810921_d2f23de0fc_z.jpg,0.5469212532043457
5021039430_0cda148fd5_z.jpg,0.5066862106323242
15543230406_71c5a59208_z.jpg,0.5272009372711182
2538610337_8cbdfed59e_z.jpg,0.6888172626495361
6410065163_fef2877544_z.jpg,0.478546142578125
16982913298_aa90f2a62b_z.jpg,0.7558345794677734
16850385890_8105762655_z.jpg,0.4841926097869873
1444579876_8c02edf580_z.jpg,0.6107251644134521
1444579876_8c02edf580_z.jpg,0.5848255157470703
19283436_772222a19e_z.jpg,0.5465774536132812
9201197273_a98cb719f5_z.jpg,0.5490806102752686
4065552857_98aa8a39d4_z.jpg,0.5014207363128662
2468082692_49ec682990_z.jpg,0.548957109451294
5652496789_70e6f301e9_z.jpg,0.5165460109710693
5425389979_390e3f3881_z.jpg,0.5528514385223389
7928462126_bb6f3a98bf_z.jpg,0.5183477401733398
5708252159_5b4ac86a01_z.jpg,0.5442178249359131
14507981482_c50d893620_z.jpg,0.5992209911346436
5540859766_5596c9c59e_z.jpg,0.5905935764312744
9057859369_5a432fdfe1_z.jpg,0.5041155815124512
8634899263_5ce2555806_z.jpg,0.4769003391265869
268134569_0cea602ccb_z.jpg,0.5536818504333496
7019541657_00e6c7a645_z.jpg,0.48467206954956055
20795376805_7d3aabfce1_z.jpg,0.47058725357055664
241832541_43848dabf3_z.jpg,0.5421609878540039
6098643678_fc8044b5ac_z.jpg,0.5009174346923828
2718097307_1fb900f17a_z.jpg,0.47251057624816895
5298849761_aeeed1a3f9_z.jpg,0.49516868591308594
4226351112_a6f67d031e_z.jpg,0.5577781200408936
4728907141_f9e5aa4bce_z.jpg,0.5660851001739502
6076857457_7a06e6ab35_z.jpg,0.5706820487976074
5877730305_f5e3d13667_z.jpg,0.4527621269226074
5540859766_5596c9c59e_z.jpg,0.6368615627288818
16675918410_cc9588a553_z.jpg,0.4083852767944336
2553120516_dd48754dc4_z.jpg,0.5065839290618896
2718097307_1fb900f17a_z.jpg,0.5149674415588379
16675918410_cc9588a553_z.jpg,0.39228010177612305
809525484_e2e6f137aa_z.jpg,0.5957748889923096
6431153899_9ac59a36b4_z.jpg,0.556044340133667
809525484_e2e6f137aa_z.jpg,0.5538556575775146
4901520304_aa5c10705e_z.jpg,0.5403075218200684
15543230406_71c5a59208_z.jpg,0.5456435680389404
7742706992_27215ef7f8_z.jpg,0.5021343231201172
211850545_7f670901ab_z.jpg,0.4984745979309082
13340204053_873cda4cef_z.jpg,0.43535923957824707
3442716929_7a26250063_z.jpg,0.5042948722839355
234597792_a9f1e7e7a9_z.jpg,0.49703097343444824
15782459318_437c57f515_z.jpg,0.48094844818115234
15543230406_71c5a59208_z.jpg,0.5441901683807373
201365540_d1af73d7cd_z.jpg,0.5875940322875977
4386974407_c2915fa9b1_z.jpg,0.5394783020019531
5549228224_a42f7d5300_z.jpg,0.5076467990875244
16433605163_8c9393beb1_z.jpg,0.5689980983734131
9372235876_d7d69f1790_z.jpg,0.5668065547943115
5336089950_d2f4618519_z.jpg,0.4696626663208008
138805025_80da2e3a82_z.jpg,0.5451216697692871
15392489891_905432249f_z.jpg,0.5188593864440918
84410494_ab268290cf_z.jpg,0.5535304546356201
4479906928_4ab0604d1c_z.jpg,0.5536973476409912
219320127_ff9873aaf5_z.jpg,0.5833108425140381
3959888385_3580cd572c_z.jpg,0.582207202911377
8031274301_1d9bc9b665_z.jpg,0.5204684734344482
19299023856_077e45c472_z.jpg,0.4620797634124756
7248771448_66aab6455d_z.jpg,0.5845537185668945
7248771448_66aab6455d_z.jpg,0.5846881866455078
5506132265_d6d43548eb_z.jpg,0.5018548965454102
3413987789_b607473327_z.jpg,0.5544459819793701
15235483580_08696e0988_z.jpg,0.5020534992218018
5007439610_5bb351fc1f_z.jpg,0.5363421440124512
7283869010_60b2e311b5_z.jpg,0.6896440982818604
16954781749_4c32123444_z.jpg,0.49665260314941406
9573099282_bbc0b12c70_z.jpg,0.5556340217590332
36110689_9cbbccb36a_z.jpg,0.6174507141113281
15083791924_c7195faca3_z.jpg,0.487262487411499
12570366253_52905ec5a1_z.jpg,0.5683383941650391
15333662010_2f428f7e2f_z.jpg,0.5532734394073486
5425389979_390e3f3881_z.jpg,0.5400822162628174
14757587416_892a95bf77_z.jpg,0.4228994846343994
3197300261_4e5e9c5e3e_z.jpg,0.7463493347167969
2206074222_69cc088500_z.jpg,0.47548675537109375
5878631770_0c5592a1ee_z.jpg,0.5047042369842529
13073061203_f7d640a8b3_z.jpg,0.4957239627838135
750912399_32f415ecb1_z.jpg,0.5545282363891602
414586991_9630094229_z.jpg,0.6053240299224854
15235483580_08696e0988_z.jpg,0.5132317543029785
10218081326_b6a2dd98f5_z.jpg,0.7426812648773193
4386974407_c2915fa9b1_z.jpg,0.5322036743164062
7664570690_6ab2f0ab5d_z.jpg,0.5769040584564209
2522213440_edbcb5ba05_z.jpg,0.5035076141357422
414586991_9630094229_z.jpg,0.6201059818267822
9238365388_d2bb1bb2e4_z.jpg,0.512282133102417
3452990622_cfb5fba34a_z.jpg,0.556504487991333
2433290346_8482cac895_z.jpg,0.5142788887023926
7782123174_dbda292cef_z.jpg,0.5643327236175537
15333662010_2f428f7e2f_z.jpg,0.5809714794158936
159051371_77f7d02bb6_z.jpg,0.5423312187194824
3499391979_76c0c01a3c_z.jpg,0.4846949577331543
20795376805_7d3aabfce1_z.jpg,0.4701118469238281
18285977255_534ec8e749_z.jpg,0.47836875915527344
7270802858_c6e2b115e4_z.jpg,0.7659735679626465
11381011104_36225e2ccc_z.jpg,0.6511826515197754
6217890759_2a6a04d1d9_z.jpg,0.5365355014801025
6217890759_2a6a04d1d9_z.jpg,0.48104119300842285
16675918410_cc9588a553_z.jpg,0.4364004135131836
7664570690_6ab2f0ab5d_z.jpg,0.5558443069458008
9478594118_5861e54c87_z.jpg,0.5469937324523926
3446761063_9cdc26f36c_z.jpg,0.4920785427093506
6455179889_6db5a93bfa_z.jpg,0.6259026527404785
3462334590_2b8f39c540_z.jpg,0.6355278491973877
541124874_7247349bb7_z.jpg,0.5123040676116943
2746929519_3599d54cfb_z.jpg,0.5473620891571045
235979174_fcd7ef1374_z.jpg,0.5663166046142578
9549882142_c59c04bac0_z.jpg,0.44014787673950195
2784964324_0b0373fd24_z.jpg,0.5363686084747314
4743123794_5c502eaee7_z.jpg,0.5102572441101074
5048937296_7c707f1d71_z.jpg,0.6707010269165039
16954781749_4c32123444_z.jpg,0.4973123073577881
3360078465_de3ceaa137_z.jpg,0.48188138008117676
361146297_ca9b5c8799_z.jpg,0.5874359607696533
8960442702_6c931904f0_z.jpg,0.45894789695739746
16106543870_2f167db1e1_z.jpg,0.5917937755584717
15071673457_0703cea442_z.jpg,0.46501612663269043
6076857457_7a06e6ab35_z.jpg,0.5946416854858398
211850545_7f670901ab_z.jpg,0.45653319358825684
2522213440_edbcb5ba05_z.jpg,0.48448681831359863
7664570690_6ab2f0ab5d_z.jpg,0.6239795684814453
2166320847_63a04a9303_z.jpg,0.45571279525756836
319365750_c6ecd7afbc_z.jpg,0.5894176959991455
105398161_799ded9b2a_z.jpg,0.5600922107696533
8526465743_29a9320d16_z.jpg,0.705852746963501
7166182137_a5679c9fa4_z.jpg,0.4721050262451172
5490854064_57151abb4f_z.jpg,0.5913519859313965
8349516772_6928ba8b88_z.jpg,0.5572001934051514
2433596596_377bb91619_z.jpg,0.5663063526153564
6499183869_45bb8908c3_z.jpg,0.5096213817596436
5099996575_32762aeb7f_z.jpg,0.5424926280975342
16789366715_633121f7bb_z.jpg,0.5331974029541016
3715997008_28a251eba7_z.jpg,0.4781990051269531
528252616_a57e6257ff_z.jpg,0.5885825157165527
7417962302_a50fc8eb6b_z.jpg,0.45599961280822754
31792151_e1e4c47427_z.jpg,0.4937779903411865
1240686712_fbccf26b7f_z.jpg,0.4975559711456299
7035751851_15d745cf2c_z.jpg,0.5636475086212158
412652687_4d6cb46129_z.jpg,0.5841922760009766
5827517048_a890acd7e6_z.jpg,0.45781588554382324
4479906928_4ab0604d1c_z.jpg,0.5911664962768555
2522213440_edbcb5ba05_z.jpg,0.45325446128845215
7443993440_80892cc39d_z.jpg,0.7213735580444336
3604271495_1cacccec06_z.jpg,0.4979367256164551
9444094315_ba610ed94a_z.jpg,0.5065035820007324
5878631770_0c5592a1ee_z.jpg,0.489255428314209
258460789_c4baeb300a_z.jpg,0.5523524284362793
4728907141_f9e5aa4bce_z.jpg,0.5866103172302246
9238365388_d2bb1bb2e4_z.jpg,0.46257615089416504
3360078465_de3ceaa137_z.jpg,0.4858510494232178
20795376805_7d3aabfce1_z.jpg,0.47809529304504395
4763265058_6c6dbb9abe_z.jpg,0.4998502731323242
1134141407_0254c76c4d_z.jpg,0.42726969718933105
3844809782_aa1ce17781_z.jpg,0.5605220794677734
2946145533_75f5268f19_z.jpg,0.5363492965698242
207320225_2446b6cf11_z.jpg,0.5046002864837646
7664570690_6ab2f0ab5d_z.jpg,0.5440201759338379
2179537346_d695661bbc_z.jpg,0.5087165832519531
9372235876_d7d69f1790_z.jpg,0.6059696674346924
21376683791_d98acff014_z.jpg,0.7769215106964111
3499391979_76c0c01a3c_z.jpg,0.4851398468017578
1240686712_fbccf26b7f_z.jpg,0.5036592483520508
31792151_e1e4c47427_z.jpg,0.5206046104431152
5575004957_c281c5de1f_z.jpg,0.5398125648498535
21376683791_d98acff014_z.jpg,0.7382123470306396
80536950_5993089209_z.jpg,0.5846595764160156
6816985831_893d039421_z.jpg,0.4918222427368164
6431185703_6c72dd7b5e_z.jpg,0.5252189636230469
105398161_799ded9b2a_z.jpg,0.5537822246551514
8343384446_ebe3bc86ce_z.jpg,0.782132625579834
3747524_f07f508ba9_z.jpg,0.6087477207183838
4282546783_10b5e0a62e_z.jpg,0.576667070388794
2296897953_08627d83a0_z.jpg,0.5596215724945068
14869105327_a74f23fa8a_z.jpg,0.7338335514068604
5402229494_570e48f7f9_z.jpg,0.48846936225891113
7843905188_07e5d2a569_z.jpg,0.4981262683868408
3703720579_4a2cf4af15_z.jpg,0.5749995708465576
14265143426_0770389597_z.jpg,0.4527285099029541
8538565946_199e28b584_z.jpg,0.7075273990631104
4975505027_db5864977d_z.jpg,0.5456233024597168
9159634981_ea2947ff02_z.jpg,0.5439980030059814
3141821008_3743fb8be5_z.jpg,0.614879846572876
2882148223_72d4df2a8e_z.jpg,0.5407533645629883
8634899263_5ce2555806_z.jpg,0.52836012840271
9031823026_3e55960d76_z.jpg,0.410053014755249
14811525368_d8b774e40a_z.jpg,0.49684667587280273
319365750_c6ecd7afbc_z.jpg,0.5937690734863281
9141188655_328b195d8d_z.jpg,0.5008623600006104
3582713912_3d9ac5ecc9_z.jpg,0.5604326725006104
10218081326_b6a2dd98f5_z.jpg,0.7503666877746582
3446761063_9cdc26f36c_z.jpg,0.48792004585266113
15392489891_905432249f_z.jpg,0.49965667724609375
10915137264_e8c23d54b4_z.jpg,0.5134766101837158
7782123174_dbda292cef_z.jpg,0.5449111461639404
258460789_c4baeb300a_z.jpg,0.5700042247772217
7475018518_6c715a96c1_z.jpg,0.47355103492736816
738798561_2d54b53ec5_z.jpg,0.554419755935669
51712355_49c2e95899_z.jpg,0.4990527629852295
3499391979_76c0c01a3c_z.jpg,0.49004602432250977
8464801471_b2b61acc7b_z.jpg,0.49608898162841797
6459633873_5effb4b6e5_z.jpg,0.4973618984222412
241832541_43848dabf3_z.jpg,0.49378252029418945
8538565946_199e28b584_z.jpg,0.7131552696228027
3968015804_ac83717a19_z.jpg,0.5111825466156006
6410065163_fef2877544_z.jpg,0.5375661849975586
342659307_d5d9d36af5_z.jpg,0.3588216304779053
16433605163_8c9393beb1_z.jpg,0.5557756423950195
2767937261_724bce0179_z.jpg,0.551694393157959
3290610375_c742148226_z.jpg,0.5071651935577393
15091650494_d8a5f37637_z.jpg,0.5150644779205322
1229448893_42c357ea12_z.jpg,0.4810013771057129
2709706154_32ff27825a_z.jpg,0.568974494934082
4941417139_1608ab2596_z.jpg,0.5462267398834229
3300269400_c276d7a1a7_z.jpg,0.5480151176452637
3195432512_d0a96b2967_z.jpg,0.5770959854125977
5333910985_ea4e62f651_z.jpg,0.5475215911865234
5340010485_edeaa88c83_z.jpg,0.5379126071929932
10915137264_e8c23d54b4_z.jpg,0.5098104476928711
8773393046_236298c465_z.jpg,0.5123062133789062
5099996575_32762aeb7f_z.jpg,0.5396389961242676
6431153899_9ac59a36b4_z.jpg,0.5784263610839844
6100259603_28a9794ed5_z.jpg,0.4561917781829834
8464801471_b2b61acc7b_z.jpg,0.4847226142883301
2206074222_69cc088500_z.jpg,0.48923754692077637
6985531639_71621c1e69_z.jpg,0.49253034591674805
6102395478_8c004e1142_z.jpg,0.5870101451873779
3157735385_c9e7580f03_z.jpg,0.5638885498046875
3283350420_d2b4b8fef3_z.jpg,0.45972180366516113
4484760806_dc814d2ce2_z.jpg,0.4960598945617676
4018061968_3e03b2e96f_z.jpg,0.5780456066131592
14711690133_019fe56eb5_z.jpg,0.4808223247528076
5466970559_0f7b06bcd6_z.jpg,0.5107579231262207
6410065163_fef2877544_z.jpg,0.5067098140716553
9755183855_953c4f062c_z.jpg,0.4931788444519043
2370036280_507a07c953_z.jpg,0.4964945316314697
7685782426_d3615820e9_z.jpg,0.49305200576782227
16675918410_cc9588a553_z.jpg,0.43926143646240234
14811525368_d8b774e40a_z.jpg,0.5235679149627686
19577109682_a0282d8678_z.jpg,0.5474281311035156
3715997008_28a251eba7_z.jpg,0.49063587188720703
8125475_d0a1063029_z.jpg,0.5809903144836426
16658372825_affc436763_z.jpg,0.4140486717224121
7443993440_80892cc39d_z.jpg,0.7326786518096924
7581740758_a1c5cf246e_z.jpg,0.5031189918518066
5575004957_c281c5de1f_z.jpg,0.5380418300628662
3372528428_1fdbd7e39c_z.jpg,0.5534610748291016
4282546783_10b5e0a62e_z.jpg,0.58066725730896
14351072751_334621d203_z.jpg,0.5543286800384521
2177230709_086e9d23d8_z.jpg,0.48649120330810547
15038212434_9e0e575008_z.jpg,0.7567243576049805
890847666_ec8eaecf88_z.jpg,0.5303809642791748
80536950_5993089209_z.jpg,0.5651628971099854
6010263871_df93fb6382_z.jpg,0.4605541229248047
1240686712_fbccf26b7f_z.jpg,0.4841768741607666
8464801471_b2b61acc7b_z.jpg,0.48853111267089844
1229448893_42c357ea12_z.jpg,0.4720773696899414
219320127_ff9873aaf5_z.jpg,0.5352928638458252
9002629162_51388d1396_z.jpg,0.4938020706176758
3157735385_c9e7580f03_z.jpg,0.5759162902832031
1980856023_6049619444_z.jpg,0.5585289001464844
1908136167_cae3414e7e_z.jpg,0.46871209144592285
6113997729_5f5ac02209_z.jpg,0.5849928855895996
8523144329_569f1781b3_z.jpg,0.594573974609375
422908475_7be8fe7338_z.jpg,0.671616792678833
2768961204_712996d2bd_z.jpg,0.41002821922302246
7685782426_d3615820e9_z.jpg,0.5017893314361572
5594762666_e157f338f0_z.jpg,0.5189757347106934
2218544892_0ae9cb42da_z.jpg,0.5350167751312256
7166182137_a5679c9fa4_z.jpg,0.5247337818145752
5971377496_abc7d794c7_z.jpg,0.5437753200531006
2244176071_615b055c30_z.jpg,0.5412521362304688
7166182137_a5679c9fa4_z.jpg,0.5013411045074463
8572756223_94130c5e61_z.jpg,0.59889817237854
2698863450_3a10857081_z.jpg,0.719329833984375
17594682014_fcd2ac5ca3_z.jpg,0.5613512992858887
8488918795_f8ba7dabb6_z.jpg,0.5244066715240479
2370036280_507a07c953_z.jpg,0.5014276504516602
13314143603_95d63b5748_z.jpg,0.5551483631134033
1229448893_42c357ea12_z.jpg,0.4622032642364502
4625462281_7df55484bb_z.jpg,0.4942479133605957
8488918795_f8ba7dabb6_z.jpg,0.548391580581665
10921149963_027e750820_z.jpg,0.496906042098999
17594682014_fcd2ac5ca3_z.jpg,0.5353131294250488
17594682014_fcd2ac5ca3_z.jpg,0.5998318195343018
4743123794_5c502eaee7_z.jpg,0.4622631072998047
890847666_ec8eaecf88_z.jpg,0.5715086460113525
4370423313_49f3722e85_z.jpg,0.5521247386932373
4975505027_db5864977d_z.jpg,0.5438764095306396
19299023856_077e45c472_z.jpg,0.4919009208679199
7742706992_27215ef7f8_z.jpg,0.48038792610168457
6238072987_89f2925563_z.jpg,0.5773136615753174
14711690133_019fe56eb5_z.jpg,0.45565199851989746
4349979920_189df35e15_z.jpg,0.5770905017852783
16433605163_8c9393beb1_z.jpg,0.5451111793518066
6117174227_6e5da0556b_z.jpg,0.5077362060546875
4380790081_1cbcb573ec_z.jpg,0.507129430770874
2918687630_5108e3e2ab_z.jpg,0.4548780918121338
51712355_49c2e95899_z.jpg,0.48116064071655273
98052295_1221189a77_z.jpg,0.6324923038482666
5466970559_0f7b06bcd6_z.jpg,0.5006790161132812
18068160735_6c2f214265_z.jpg,0.5399839878082275
2177634493_51ca0597e2_z.jpg,0.7475690841674805
13368340424_5c1f322f72_z.jpg,0.5464849472045898
1570513225_265b529538_z.jpg,0.5056474208831787
2244176071_615b055c30_z.jpg,0.5608024597167969
16599186017_25f46b7511_z.jpg,0.745171070098877
7035751851_15d745cf2c_z.jpg,0.5489492416381836
8125475_d0a1063029_z.jpg,0.5496387481689453
2370036280_507a07c953_z.jpg,0.5235214233398438
4065552857_98aa8a39d4_z.jpg,0.5047955513000488
104222040_c20f16bbc0_z.jpg,0.5538277626037598
14628257582_1ff5e98e4c_z.jpg,0.45529675483703613
16675918410_cc9588a553_z.jpg,0.44743919372558594
15589191923_99889a9f83_z.jpg,0.546633243560791
3703720579_4a2cf4af15_z.jpg,0.5304889678955078
9057859369_5a432fdfe1_z.jpg,0.5079574584960938
5436402112_3aee3141a7_z.jpg,0.6343927383422852
3715997008_28a251eba7_z.jpg,0.48181676864624023
16679943419_b0fd9b6858_z.jpg,0.4944586753845215
5336089950_d2f4618519_z.jpg,0.4565434455871582
422908475_7be8fe7338_z.jpg,0.7063212394714355
31792151_e1e4c47427_z.jpg,0.4844791889190674
3676100181_dc21ca177f_z.jpg,0.5941827297210693
34095624_ce7c705614_z.jpg,0.6183774471282959
16850385890_8105762655_z.jpg,0.4809691905975342
8960442702_6c931904f0_z.jpg,0.49825143814086914
8106854318_06c1cc0fc3_z.jpg,0.574312686920166
3195432512_d0a96b2967_z.jpg,0.5630514621734619
15625756039_d59f4e16fa_z.jpg,0.5447092056274414
4029738064_00c4cd038b_z.jpg,0.501436710357666
2553120516_dd48754dc4_z.jpg,0.5089290142059326
6217890759_2a6a04d1d9_z.jpg,0.5166125297546387
1229448893_42c357ea12_z.jpg,0.43049049377441406
14786765330_5d381d2451_z.jpg,0.5605945587158203
2592416858_f849d2ac8f_z.jpg,0.5709235668182373
224422461_dddd4c8e99_z.jpg,0.5581047534942627
13368340424_5c1f322f72_z.jpg,0.5493428707122803
777472482_5eae8617bd_z.jpg,0.5311999320983887
7270802858_c6e2b115e4_z.jpg,0.785275936126709
7843905188_07e5d2a569_z.jpg,0.481661319732666
15617633365_316afedb8d_z.jpg,0.7539777755737305
2296897953_08627d83a0_z.jpg,0.5594644546508789
2136213674_4e484d88e3_z.jpg,0.5768547058105469
1444579876_8c02edf580_z.jpg,0.5637595653533936
17594682014_fcd2ac5ca3_z.jpg,0.5298211574554443
2667833832_bf9ddddac5_z.jpg,0.5424394607543945
144429519_9567ff4044_z.jpg,0.5026116371154785
2767937261_724bce0179_z.jpg,0.5621669292449951
16954781749_4c32123444_z.jpg,0.47504210472106934
5484042252_37ce385b5f_z.jpg,0.5620748996734619
1428837563_12ec867e05_z.jpg,0.5750026702880859
3685504815_c15a389bd3_z.jpg,0.5896027088165283
8730902798_bfe9360f4e_z.jpg,0.560152530670166
7192116992_5447de0caa_z.jpg,0.5462708473205566
414586991_9630094229_z.jpg,0.6394200325012207
4991188769_8642331e2c_z.jpg,0.4997422695159912
2215395014_24a2f8184c_z.jpg,0.58925461769104
342659307_d5d9d36af5_z.jpg,0.35651230812072754
3353007655_56889b94a7_z.jpg,0.5487322807312012
3850147043_06970bc680_z.jpg,0.5328638553619385
3462334590_2b8f39c540_z.jpg,0.6621203422546387
11101898274_dcf6061b20_z.jpg,0.5092389583587646
2698863450_3a10857081_z.jpg,0.6836135387420654
5007439610_5bb351fc1f_z.jpg,0.5598316192626953
16599186017_25f46b7511_z.jpg,0.7849078178405762
7019541657_00e6c7a645_z.jpg,0.46584153175354004
8773393046_236298c465_z.jpg,0.4934067726135254
4991188769_8642331e2c_z.jpg,0.5123343467712402
189076128_ee6f694a30_z.jpg,0.49460363388061523
4083309359_020d325f73_z.jpg,0.482738733291626
9238365388_d2bb1bb2e4_z.jpg,0.5086638927459717
300422857_eb3a885357_z.jpg,0.7469742298126221
1570552254_fcac0be216_z.jpg,0.47194838523864746
16106543870_2f167db1e1_z.jpg,0.586707592010498
3968015804_ac83717a19_z.jpg,0.48312950134277344
2538610337_8cbdfed59e_z.jpg,0.6787054538726807
16086668084_0d1665cda4_z.jpg,0.6991214752197266
5340010485_edeaa88c83_z.jpg,0.6108343601226807
8922688952_9cacbffe29_z.jpg,0.510289192199707
15584457029_80b75274db_z.jpg,0.505054235458374
3157735385_c9e7580f03_z.jpg,0.5421879291534424
14652913468_5d3b2a39f1_z.jpg,0.5795457363128662
4386974407_c2915fa9b1_z.jpg,0.501934289932251
953262953_340a098204_z.jpg,0.5029315948486328
7928462126_bb6f3a98bf_z.jpg,0.49097323417663574
7035751851_15d745cf2c_z.jpg,0.554912805557251
20843800936_edcdd89338_z.jpg,0.6284010410308838
14507981482_c50d893620_z.jpg,0.6103262901306152
2767937261_724bce0179_z.jpg,0.557551383972168
2206074222_69cc088500_z.jpg,0.47335028648376465
5425389979_390e3f3881_z.jpg,0.5552253723144531
19577109682_a0282d8678_z.jpg,0.543851375579834
9141188655_328b195d8d_z.jpg,0.48705339431762695
5490854064_57151abb4f_z.jpg,0.5984177589416504
36110689_9cbbccb36a_z.jpg,0.5739514827728271
1444579876_8c02edf580_z.jpg,0.5706315040588379
8562326627_1a68052e58_z.jpg,0.7311291694641113
3290610375_c742148226_z.jpg,0.4849226474761963
7248771448_66aab6455d_z.jpg,0.5944399833679199
7675033952_b3caa0dd37_z.jpg,0.5501053333282471
7035751851_15d745cf2c_z.jpg,0.532421350479126
13073061203_f7d640a8b3_z.jpg,0.5048031806945801
2206074222_69cc088500_z.jpg,0.49213194847106934
15983066535_629c335c63_z.jpg,0.5021913051605225
4728907141_f9e5aa4bce_z.jpg,0.5379159450531006
541124874_7247349bb7_z.jpg,0.49828410148620605
2433596596_377bb91619_z.jpg,0.583763599395752
8343384446_ebe3bc86ce_z.jpg,0.7110004425048828
16104664631_cce4a9a58c_z.jpg,0.5831296443939209
4349979920_189df35e15_z.jpg,0.535839319229126
4728907141_f9e5aa4bce_z.jpg,0.5358927249908447
5484042252_37ce385b5f_z.jpg,0.5669293403625488
5652496789_70e6f301e9_z.jpg,0.5153114795684814
5877731495_29cc1a6c57_z.jpg,0.49584388732910156
4349979920_189df35e15_z.jpg,0.5697264671325684
19283436_772222a19e_z.jpg,0.5568087100982666
953262953_340a098204_z.jpg,0.5136985778808594
36110689_9cbbccb36a_z.jpg,0.5968062877655029
4231227841_3821544fe1_z.jpg,0.7177305221557617
19577109682_a0282d8678_z.jpg,0.5228898525238037
3209962531_f75dbe4341_z.jpg,0.5214245319366455
9755183855_953c4f062c_z.jpg,0.48380565643310547
414586991_9630094229_z.jpg,0.6550471782684326
300422857_eb3a885357_z.jpg,0.7310419082641602
7166182137_a5679c9fa4_z.jpg,0.4799492359161377
438887381_0a2a4e97e4_z.jpg,0.48168373107910156
144429519_9567ff4044_z.jpg,0.4797651767730713
777472482_5eae8617bd_z.jpg,0.5542125701904297
104222040_c20f16bbc0_z.jpg,0.5734851360321045
13472183804_b6c8633f6e_z.jpg,0.5736844539642334
777472482_5eae8617bd_z.jpg,0.5501010417938232
81717243_2c9fcf3dab_z.jpg,0.5983572006225586
15071673457_0703cea442_z.jpg,0.4736306667327881
5575004957_c281c5de1f_z.jpg,0.5599009990692139
15091650494_d8a5f37637_z.jpg,0.47955918312072754
34095624_ce7c705614_z.jpg,0.5887374877929688
4625462281_7df55484bb_z.jpg,0.457568883895874
201365540_d1af73d7cd_z.jpg,0.5964524745941162
159051371_77f7d02bb6_z.jpg,0.556873083114624
12041194676_da91e0d068_z.jpg,0.4879920482635498
6100259603_28a9794ed5_z.jpg,0.47865724563598633
48901634_c792cbab58_z.jpg,0.4926416873931885
105398161_799ded9b2a_z.jpg,0.5709972381591797
7283869010_60b2e311b5_z.jpg,0.6610832214355469
5021039430_0cda148fd5_z.jpg,0.48936009407043457
3595778703_d3bec2f74e_z.jpg,0.556847095489502
5336089950_d2f4618519_z.jpg,0.4417092800140381
5513074265_5b31a2339b_z.jpg,0.502190113067627
14869105327_a74f23fa8a_z.jpg,0.7053971290588379
2946145533_75f5268f19_z.jpg,0.5747578144073486
84410494_ab268290cf_z.jpg,0.5307517051696777
4349979920_189df35e15_z.jpg,0.578763484954834
8591221048_8fe555a40c_z.jpg,0.48409342765808105
2553120516_dd48754dc4_z.jpg,0.508202075958252
2166320847_63a04a9303_z.jpg,0.5136556625366211
3209962531_f75dbe4341_z.jpg,0.49846744537353516
3844809782_aa1ce17781_z.jpg,0.6059131622314453
9755183855_953c4f062c_z.jpg,0.4617025852203369
2788056049_b71f8998c7_z.jpg,0.5917940139770508
5971377496_abc7d794c7_z.jpg,0.5538697242736816
2788056049_b71f8998c7_z.jpg,0.551081657409668
12988804124_bbea6d94c0_z.jpg,0.478740930557251
234597792_a9f1e7e7a9_z.jpg,0.49668002128601074
15490190390_d64fe16141_z.jpg,0.4782748222351074
2468082692_49ec682990_z.jpg,0.6079449653625488
82903264_5dd277c32d_z.jpg,0.5453274250030518
8106854318_06c1cc0fc3_z.jpg,0.5393273830413818
449567850_48a3c60a6f_z.jpg,0.4539792537689209
5402229494_570e48f7f9_z.jpg,0.4827592372894287
3409776362_07a8bb7f17_z.jpg,0.6317081451416016
340359612_df41037e73_z.jpg,0.4849545955657959
4901520304_aa5c10705e_z.jpg,0.5661933422088623
2370036280_507a07c953_z.jpg,0.5143811702728271
14351072751_334621d203_z.jpg,0.5424048900604248
3595778703_d3bec2f74e_z.jpg,0.56473708152771
16599186017_25f46b7511_z.jpg,0.7541320323944092
9573099282_bbc0b12c70_z.jpg,0.5557236671447754
105398161_799ded9b2a_z.jpg,0.5676076412200928
3703720579_4a2cf4af15_z.jpg,0.55122971534729
3595778703_d3bec2f74e_z.jpg,0.5499668121337891
6217890759_2a6a04d1d9_z.jpg,0.477508544921875
14409775264_5b589b56b4_z.jpg,0.5579485893249512
15091650494_d8a5f37637_z.jpg,0.4714221954345703
2136213674_4e484d88e3_z.jpg,0.5764060020446777
15237426722_a51d199f2f_z.jpg,0.583967924118042
5425389979_390e3f3881_z.jpg,0.522930383682251
5540859766_5596c9c59e_z.jpg,0.6104435920715332
5466970559_0f7b06bcd6_z.jpg,0.4801626205444336
6010263871_df93fb6382_z.jpg,0.4977543354034424
3595778703_d3bec2f74e_z.jpg,0.5555975437164307
5513074265_5b31a2339b_z.jpg,0.4740900993347168
2787764752_0277f5bbb2_z.jpg,0.5627014636993408
6723753569_a1d8678cde_z.jpg,0.4648315906524658
8960442702_6c931904f0_z.jpg,0.4996371269226074
2167290248_1ac3cbd890_z.jpg,0.5734968185424805
6881088206_947a7622d4_z.jpg,0.5822067260742188
7417962302_a50fc8eb6b_z.jpg,0.4925680160522461
9057859369_5a432fdfe1_z.jpg,0.4974205493927002
4370423313_49f3722e85_z.jpg,0.5782244205474854
3372528428_1fdbd7e39c_z.jpg,0.5765116214752197
33580840_a67c2b796a_z.jpg,0.5486502647399902
3353007655_56889b94a7_z.jpg,0.5462439060211182
3812603979_2102c37672_z.jpg,0.4982635974884033
506974894_b74672813b_z.jpg,0.4800233840942383
235979174_fcd7ef1374_z.jpg,0.5563232898712158
4083309359_020d325f73_z.jpg,0.47175049781799316
4479906928_4ab0604d1c_z.jpg,0.5559985637664795
7192116992_5447de0caa_z.jpg,0.5719790458679199
2592416858_f849d2ac8f_z.jpg,0.5594604015350342
18068160735_6c2f214265_z.jpg,0.5414111614227295
4730790029_bdc24fcb8c_z.jpg,0.51430344581604
506974894_b74672813b_z.jpg,0.483673095703125
8773393046_236298c465_z.jpg,0.47430944442749023
3462334590_2b8f39c540_z.jpg,0.6507329940795898
2788056049_b71f8998c7_z.jpg,0.5567920207977295
3666190087_ca2fb0d709_z.jpg,0.5667569637298584
3959888385_3580cd572c_z.jpg,0.5883352756500244
8349516772_6928ba8b88_z.jpg,0.5415363311767578
2784964324_0b0373fd24_z.jpg,0.532940149307251
9549882142_c59c04bac0_z.jpg,0.4225609302520752
144429519_9567ff4044_z.jpg,0.4885714054107666
15083791924_c7195faca3_z.jpg,0.48749566078186035
4597825116_8ec71a76cf_z.jpg,0.5443704128265381
20264405486_14055e8288_z.jpg,0.5672760009765625
15543230406_71c5a59208_z.jpg,0.5570223331451416
5516505342_43268015f4_z.jpg,0.5496141910552979
4743123794_5c502eaee7_z.jpg,0.4634978771209717
9201197273_a98cb719f5_z.jpg,0.5851449966430664
5021039430_0cda148fd5_z.jpg,0.48492980003356934
412652687_4d6cb46129_z.jpg,0.5786988735198975
13472183804_b6c8633f6e_z.jpg,0.5785689353942871
15083791924_c7195faca3_z.jpg,0.4924328327178955
224422461_dddd4c8e99_z.jpg,0.5581314563751221
5425389979_390e3f3881_z.jpg,0.5305583477020264
5316877862_ccdebd50e5_z.jpg,0.4785583019256592
2166320847_63a04a9303_z.jpg,0.4831366539001465
14409775264_5b589b56b4_z.jpg,0.5616884231567383
21376683791_d98acff014_z.jpg,0.7733747959136963
3959888385_3580cd572c_z.jpg,0.5052170753479004
2169952827_05bddc305e_z.jpg,0.48423075675964355
6455179889_6db5a93bfa_z.jpg,0.6018939018249512
2522213440_edbcb5ba05_z.jpg,0.5321102142333984
13340204053_873cda4cef_z.jpg,0.40439367294311523
5708252159_5b4ac86a01_z.jpg,0.5355219841003418
5099996575_32762aeb7f_z.jpg,0.5452697277069092
201365540_d1af73d7cd_z.jpg,0.6072590351104736
5402229494_570e48f7f9_z.jpg,0.45180439949035645
432591931_4789d0f0f1_z.jpg,0.5783050060272217
33580840_a67c2b796a_z.jpg,0.5459079742431641
8132134109_24eaa95e21_z.jpg,0.41733717918395996
9549882142_c59c04bac0_z.jpg,0.4375190734863281
2166320847_63a04a9303_z.jpg,0.5094056129455566
4479906928_4ab0604d1c_z.jpg,0.5741026401519775
15333662010_2f428f7e2f_z.jpg,0.5472166538238525
15617633365_316afedb8d_z.jpg,0.7399649620056152
14652913468_5d3b2a39f1_z.jpg,0.549187183380127
6168484879_e6b9644722_z.jpg,0.497603178024292
8106854318_06c1cc0fc3_z.jpg,0.5422549247741699
449567850_48a3c60a6f_z.jpg,0.4507873058319092
7417962302_a50fc8eb6b_z.jpg,0.5386576652526855
5402229494_570e48f7f9_z.jpg,0.4760162830352783
3666190087_ca2fb0d709_z.jpg,0.582977294921875
20959877010_552298f5f8_z.jpg,0.42438817024230957
2787764752_0277f5bbb2_z.jpg,0.5361948013305664
15516450642_4fffe9be37_z.jpg,0.742530345916748
1553312291_c0cae48a37_z.jpg,0.32050204277038574
14652913468_5d3b2a39f1_z.jpg,0.5877017974853516
14265143426_0770389597_z.jpg,0.4358222484588623
3197300261_4e5e9c5e3e_z.jpg,0.7541615962982178
5387089136_efcdc42456_z.jpg,0.49106550216674805
5333910985_ea4e62f651_z.jpg,0.524458646774292
3676100181_dc21ca177f_z.jpg,0.5936257839202881
738798561_2d54b53ec5_z.jpg,0.5455775260925293
5021039430_0cda148fd5_z.jpg,0.532604455947876
3679100484_a8e3044e55_z.jpg,0.5590791702270508
5878631770_0c5592a1ee_z.jpg,0.48465561866760254
4975505027_db5864977d_z.jpg,0.5766866207122803
7548613890_a6272237ac_z.jpg,0.5542385578155518
4018061968_3e03b2e96f_z.jpg,0.5381367206573486
3157735385_c9e7580f03_z.jpg,0.5244557857513428
4444608672_0fa9174b62_z.jpg,0.48877549171447754
1110261834_4068e20626_z.jpg,0.5557746887207031
2433290346_8482cac895_z.jpg,0.4700052738189697
6431185703_6c72dd7b5e_z.jpg,0.5005934238433838
2218544892_0ae9cb42da_z.jpg,0.5973138809204102
3747524_f07f508ba9_z.jpg,0.5806090831756592
19309035192_8666b8c4e2_z.jpg,0.5458254814147949
6117174227_6e5da0556b_z.jpg,0.503089189529419
17554656478_22dea58ed2_z.jpg,0.48475122451782227
3595778703_d3bec2f74e_z.jpg,0.5936737060546875
1570552254_fcac0be216_z.jpg,0.48073792457580566
15543230406_71c5a59208_z.jpg,0.5608973503112793
5425389979_390e3f3881_z.jpg,0.5521900653839111
3029397040_d35cf11083_z.jpg,0.4800426959991455
14786765330_5d381d2451_z.jpg,0.5713014602661133
6097504753_2971a9eaa6_z.jpg,0.5456981658935547
528252616_a57e6257ff_z.jpg,0.5481917858123779
16789366715_633121f7bb_z.jpg,0.5359907150268555
219320127_ff9873aaf5_z.jpg,0.5338475704193115
2788056049_b71f8998c7_z.jpg,0.5240139961242676
5048937296_7c707f1d71_z.jpg,0.6471395492553711
1980856023_6049619444_z.jpg,0.5370733737945557
6309741882_b074ee1a96_z.jpg,0.6246826648712158
