9132297449_f27a6b1a45_z.jpg,1.9358975887298584
3442716929_7a26250063_z.jpg,0.3991734981536865
5490854064_57151abb4f_z.jpg,0.4380221366882324
677743874_168dcb5ed1_z.jpg,0.3658881187438965
8399932836_19c21d3779_z.jpg,0.4946467876434326
6062750656_89284163db_z.jpg,0.3842275142669678
5333910985_ea4e62f651_z.jpg,0.4186875820159912
2592416858_f849d2ac8f_z.jpg,0.41507768630981445
144429519_9567ff4044_z.jpg,0.421159029006958
2883059364_a6ccfaf69a_z.jpg,0.42977046966552734
234597792_a9f1e7e7a9_z.jpg,0.3784513473510742
16658372825_affc436763_z.jpg,0.33563876152038574
98052295_1221189a77_z.jpg,0.5152256488800049
915541987_2627e91a14_z.jpg,0.3830859661102295
8031274301_1d9bc9b665_z.jpg,0.39182615280151367
224422461_dddd4c8e99_z.jpg,0.43517637252807617
5599702283_8562638984_z.jpg,0.38974690437316895
4941417139_1608ab2596_z.jpg,0.4540269374847412
1570513225_265b529538_z.jpg,0.3684420585632324
234597792_a9f1e7e7a9_z.jpg,0.38923192024230957
5549228224_a42f7d5300_z.jpg,0.38357973098754883
3499391979_76c0c01a3c_z.jpg,0.38341307640075684
268134569_0cea602ccb_z.jpg,0.4192173480987549
4728907141_f9e5aa4bce_z.jpg,0.4530785083770752
5516505342_43268015f4_z.jpg,0.4235994815826416
5387089136_efcdc42456_z.jpg,0.3959057331085205
15237426722_a51d199f2f_z.jpg,0.4632227420806885
14652913468_5d3b2a39f1_z.jpg,0.45370054244995117
5575004957_c281c5de1f_z.jpg,0.4453704357147217
11484364375_4180af41fc_z.jpg,0.39850854873657227
16789366715_633121f7bb_z.jpg,0.4230668544769287
1908136167_cae3414e7e_z.jpg,0.3654470443725586
15235483580_08696e0988_z.jpg,0.384824275970459
5466970559_0f7b06bcd6_z.jpg,0.38298702239990234
17594682014_fcd2ac5ca3_z.jpg,0.41045141220092773
6771874127_f8f380b3cb_z.jpg,0.3862946033477783
19577109682_a0282d8678_z.jpg,0.4393889904022217
81717243_2c9fcf3dab_z.jpg,0.45094919204711914
9157606630_2ef852a3ee_z.jpg,0.4073336124420166
15091650494_d8a5f37637_z.jpg,0.37056422233581543
8349516772_6928ba8b88_z.jpg,0.4361453056335449
8572756223_94130c5e61_z.jpg,0.43582725524902344
9157606630_2ef852a3ee_z.jpg,0.3921487331390381
432591931_4789d0f0f1_z.jpg,0.4293811321258545
4597825116_8ec71a76cf_z.jpg,0.4237101078033447
6076857457_7a06e6ab35_z.jpg,0.42609524726867676
2525539133_73f08a9471_z.jpg,0.3942444324493408
2433596596_377bb91619_z.jpg,0.4472653865814209
2525539133_73f08a9471_z.jpg,0.40959763526916504
4231227841_3821544fe1_z.jpg,0.5453009605407715
14289042367_a041af95f4_z.jpg,0.3939802646636963
5298849761_aeeed1a3f9_z.jpg,0.39547085762023926
3141821008_3743fb8be5_z.jpg,0.44361042976379395
319365750_c6ecd7afbc_z.jpg,0.41025614738464355
9157606630_2ef852a3ee_z.jpg,0.3890814781188965
15516450642_4fffe9be37_z.jpg,0.5464906692504883
20646999908_c3400d3ef6_z.jpg,0.43386292457580566
2206074222_69cc088500_z.jpg,0.35608458518981934
13340204053_873cda4cef_z.jpg,0.334622859954834
15196353300_2dcb1a1948_z.jpg,0.38892149925231934
4282546783_10b5e0a62e_z.jpg,0.4158973693847656
6010263871_df93fb6382_z.jpg,0.39330625534057617
1444579876_8c02edf580_z.jpg,0.43744683265686035
8125475_d0a1063029_z.jpg,0.46089935302734375
5599702283_8562638984_z.jpg,0.3703453540802002
6141562070_11880edf2e_z.jpg,0.38287997245788574
7283869010_60b2e311b5_z.jpg,0.5369775295257568
3413987789_b607473327_z.jpg,0.42241740226745605
15333662010_2f428f7e2f_z.jpg,0.43529462814331055
1553312291_c0cae48a37_z.jpg,0.2322547435760498
7283869010_60b2e311b5_z.jpg,0.5327589511871338
234597792_a9f1e7e7a9_z.jpg,0.37601637840270996
16954781749_4c32123444_z.jpg,0.38356709480285645
6771874127_f8f380b3cb_z.jpg,0.38977551460266113
2882148223_72d4df2a8e_z.jpg,0.41887426376342773
2522213440_edbcb5ba05_z.jpg,0.37566375732421875
3069852951_85b984b709_z.jpg,0.448636531829834
5575004957_c281c5de1f_z.jpg,0.4272582530975342
34095624_ce7c705614_z.jpg,0.41924428939819336
8523144329_569f1781b3_z.jpg,0.45852041244506836
234597792_a9f1e7e7a9_z.jpg,0.39671874046325684
15983066535_629c335c63_z.jpg,0.40082240104675293
9444094315_ba610ed94a_z.jpg,0.41777706146240234
9688658716_4b3e9c618c_z.jpg,0.4031789302825928
3291298501_9a8eed3fa0_z.jpg,0.3895747661590576
449567850_48a3c60a6f_z.jpg,0.3432624340057373
34095624_ce7c705614_z.jpg,0.45271778106689453
6180200475_fda2795252_z.jpg,0.4290306568145752
4380790081_1cbcb573ec_z.jpg,0.36104345321655273
268134569_0cea602ccb_z.jpg,0.4411933422088623
7548613890_a6272237ac_z.jpg,0.42072415351867676
8874948232_195679aa4e_z.jpg,0.4015967845916748
19577109682_a0282d8678_z.jpg,0.41571569442749023
13340204053_873cda4cef_z.jpg,0.32199883460998535
8526465743_29a9320d16_z.jpg,0.5358114242553711
8213118547_f274c67e93_z.jpg,0.3948516845703125
890847666_ec8eaecf88_z.jpg,0.4237809181213379
8922688952_9cacbffe29_z.jpg,0.3695800304412842
2215395014_24a2f8184c_z.jpg,0.44148969650268555
252889263_3cf2d57f34_z.jpg,0.4388434886932373
2179537346_d695661bbc_z.jpg,0.35811734199523926
225687978_713319e6c1_z.jpg,0.37160658836364746
1492095547_3a48dbc70b_z.jpg,0.4435081481933594
6117174227_6e5da0556b_z.jpg,0.3602263927459717
3895919953_9ba2530425_z.jpg,0.371185302734375
4386974407_c2915fa9b1_z.jpg,0.431748628616333
7843905188_07e5d2a569_z.jpg,0.3613579273223877
18068160735_6c2f214265_z.jpg,0.4414973258972168
361146297_ca9b5c8799_z.jpg,0.42386555671691895
13340204053_873cda4cef_z.jpg,0.32248687744140625
15543230406_71c5a59208_z.jpg,0.4058413505554199
738798561_2d54b53ec5_z.jpg,0.41170406341552734
14869105327_a74f23fa8a_z.jpg,0.5318472385406494
777472482_5eae8617bd_z.jpg,0.4532630443572998
809525484_e2e6f137aa_z.jpg,0.4389615058898926
1908136167_cae3414e7e_z.jpg,0.3619403839111328
20646999908_c3400d3ef6_z.jpg,0.43433237075805664
5210291488_fe9939bdf1_z.jpg,0.31514906883239746
3679100484_a8e3044e55_z.jpg,0.420809268951416
14811525368_d8b774e40a_z.jpg,0.378781795501709
422908475_7be8fe7338_z.jpg,0.5023441314697266
15543230406_71c5a59208_z.jpg,0.40686583518981934
777472482_5eae8617bd_z.jpg,0.410414457321167
5599702283_8562638984_z.jpg,0.3932821750640869
15837810787_14c16de452_z.jpg,0.3871145248413086
15083791924_c7195faca3_z.jpg,0.3964560031890869
6111783458_61cc1f0f88_z.jpg,0.40425539016723633
2788056049_b71f8998c7_z.jpg,0.42855167388916016
3300269400_c276d7a1a7_z.jpg,0.4170494079589844
1229448893_42c357ea12_z.jpg,0.37727904319763184
340359612_df41037e73_z.jpg,0.36223459243774414
5436402112_3aee3141a7_z.jpg,0.4792490005493164
5540859766_5596c9c59e_z.jpg,0.4575951099395752
4282546783_10b5e0a62e_z.jpg,0.4236478805541992
16086668084_0d1665cda4_z.jpg,0.5064914226531982
16107639462_07e2d4455d_z.jpg,0.4138936996459961
234597792_a9f1e7e7a9_z.jpg,0.39922475814819336
422908475_7be8fe7338_z.jpg,0.49323010444641113
4901520304_aa5c10705e_z.jpg,0.44451379776000977
2166320847_63a04a9303_z.jpg,0.3610374927520752
3715997008_28a251eba7_z.jpg,0.38244128227233887
2040136228_41c284c2cb_z.jpg,0.4617276191711426
892497288_b916ec820e_z.jpg,0.4349982738494873
16086668084_0d1665cda4_z.jpg,0.5285441875457764
6431153899_9ac59a36b4_z.jpg,0.4283783435821533
5540859766_5596c9c59e_z.jpg,0.4701259136199951
6431153899_9ac59a36b4_z.jpg,0.4265310764312744
2746929519_3599d54cfb_z.jpg,0.4267764091491699
4743123794_5c502eaee7_z.jpg,0.3832213878631592
7175939730_9a03853d4c_z.jpg,0.42740702629089355
9372235876_d7d69f1790_z.jpg,0.469252347946167
6010263871_df93fb6382_z.jpg,0.3591444492340088
11983632613_4efcf5f3d3_z.jpg,0.3604612350463867
915541987_2627e91a14_z.jpg,0.41364502906799316
777472482_5eae8617bd_z.jpg,0.41707611083984375
14351072751_334621d203_z.jpg,0.44752979278564453
3676100181_dc21ca177f_z.jpg,0.43419384956359863
3666190087_ca2fb0d709_z.jpg,0.4258551597595215
4122228889_3b69997e0c_z.jpg,0.4486095905303955
14652913468_5d3b2a39f1_z.jpg,0.42859888076782227
5943858783_a2cc450fb3_z.jpg,0.38564109802246094
3582713912_3d9ac5ecc9_z.jpg,0.42690205574035645
258460789_c4baeb300a_z.jpg,0.4507637023925781
14289042367_a041af95f4_z.jpg,0.3980684280395508
5466970559_0f7b06bcd6_z.jpg,0.3610069751739502
19309035192_8666b8c4e2_z.jpg,0.45826244354248047
432591931_4789d0f0f1_z.jpg,0.4362375736236572
361146297_ca9b5c8799_z.jpg,0.4308452606201172
8730902798_bfe9360f4e_z.jpg,0.41904568672180176
6076857457_7a06e6ab35_z.jpg,0.4151027202606201
6111783458_61cc1f0f88_z.jpg,0.3921356201171875
12041194676_da91e0d068_z.jpg,0.39834046363830566
224422461_dddd4c8e99_z.jpg,0.4499051570892334
8744937858_81c17befae_z.jpg,0.358931303024292
6431153899_9ac59a36b4_z.jpg,0.4390838146209717
1240686712_fbccf26b7f_z.jpg,0.36251330375671387
1908136167_cae3414e7e_z.jpg,0.3798093795776367
4991188769_8642331e2c_z.jpg,0.39112401008605957
2277306387_af18b2096e_z.jpg,0.47020578384399414
6455179889_6db5a93bfa_z.jpg,0.4463932514190674
82706249_bf54b24c4e_z.jpg,0.22861266136169434
2244176071_615b055c30_z.jpg,0.4390552043914795
19474810921_d2f23de0fc_z.jpg,0.4182305335998535
2433290346_8482cac895_z.jpg,0.39713406562805176
8343384446_ebe3bc86ce_z.jpg,0.5605649948120117
11381011104_36225e2ccc_z.jpg,0.4695768356323242
9002629162_51388d1396_z.jpg,0.39757871627807617
3446761063_9cdc26f36c_z.jpg,0.3683040142059326
15543230406_71c5a59208_z.jpg,0.4368133544921875
17554656478_22dea58ed2_z.jpg,0.3608698844909668
7166182137_a5679c9fa4_z.jpg,0.3833801746368408
7782123174_dbda292cef_z.jpg,0.4588475227355957
239427670_897dedb1ea_z.jpg,0.3695237636566162
4625462281_7df55484bb_z.jpg,0.3835265636444092
11484364375_4180af41fc_z.jpg,0.3872416019439697
5599702283_8562638984_z.jpg,0.39220356941223145
7843905188_07e5d2a569_z.jpg,0.38315796852111816
414586991_9630094229_z.jpg,0.4877591133117676
8960442702_6c931904f0_z.jpg,0.35735130310058594
16679943419_b0fd9b6858_z.jpg,0.386005163192749
234597792_a9f1e7e7a9_z.jpg,0.39102983474731445
5048937296_7c707f1d71_z.jpg,0.5055289268493652
16789366715_633121f7bb_z.jpg,0.4271421432495117
4030862073_d697f506b0_z.jpg,0.5416183471679688
3715997008_28a251eba7_z.jpg,0.36866211891174316
8874948232_195679aa4e_z.jpg,0.37686753273010254
3157735385_c9e7580f03_z.jpg,0.40804481506347656
5466970559_0f7b06bcd6_z.jpg,0.38968467712402344
3300269400_c276d7a1a7_z.jpg,0.4135000705718994
3372528428_1fdbd7e39c_z.jpg,0.4414842128753662
6835338988_c013b40c94_z.jpg,0.40078091621398926
8132134109_24eaa95e21_z.jpg,0.318645715713501
8291522231_19e1414c1b_z.jpg,0.5370657444000244
2814480856_385049d567_z.jpg,0.4129347801208496
4414731678_5f70c9f88e_z.jpg,0.41482019424438477
17554656478_22dea58ed2_z.jpg,0.3734583854675293
6431185703_6c72dd7b5e_z.jpg,0.38454627990722656
5298850167_d1e13e9551_z.jpg,0.37227654457092285
3747524_f07f508ba9_z.jpg,0.4418632984161377
5021039430_0cda148fd5_z.jpg,0.3799707889556885
5816846412_7b6fa97da0_z.jpg,0.3789060115814209
16106543870_2f167db1e1_z.jpg,0.4079427719116211
5594762666_e157f338f0_z.jpg,0.37235093116760254
1511658057_17b7bac11a_z.jpg,0.359619140625
4414731678_5f70c9f88e_z.jpg,0.4202992916107178
2883059364_a6ccfaf69a_z.jpg,0.43682217597961426
3582713912_3d9ac5ecc9_z.jpg,0.4130091667175293
3157735385_c9e7580f03_z.jpg,0.40846729278564453
1444579876_8c02edf580_z.jpg,0.4222731590270996
10915137264_e8c23d54b4_z.jpg,0.3822650909423828
3069852951_85b984b709_z.jpg,0.40482068061828613
677743874_168dcb5ed1_z.jpg,0.3834514617919922
11484364375_4180af41fc_z.jpg,0.38068294525146484
6309741882_b074ee1a96_z.jpg,0.47703075408935547
9031823026_3e55960d76_z.jpg,0.3303854465484619
1110261834_4068e20626_z.jpg,0.4075806140899658
15625756039_d59f4e16fa_z.jpg,0.4434666633605957
319365750_c6ecd7afbc_z.jpg,0.4124627113342285
387284206_360c4e3d6e_z.jpg,0.286914587020874
15543230406_71c5a59208_z.jpg,0.41470956802368164
3676100181_dc21ca177f_z.jpg,0.42473387718200684
2746929519_3599d54cfb_z.jpg,0.40996527671813965
13340204053_873cda4cef_z.jpg,0.34171581268310547
144429519_9567ff4044_z.jpg,0.38707590103149414
2258982401_762044a41d_z.jpg,0.41847705841064453
6113997729_5f5ac02209_z.jpg,0.41602015495300293
5516505342_43268015f4_z.jpg,0.4094066619873047
5402229494_570e48f7f9_z.jpg,0.37699055671691895
14711690133_019fe56eb5_z.jpg,0.3901803493499756
7270802858_c6e2b115e4_z.jpg,0.5521478652954102
2883059364_a6ccfaf69a_z.jpg,0.43325185775756836
3747524_f07f508ba9_z.jpg,0.4432799816131592
5048937296_7c707f1d71_z.jpg,0.5055296421051025
5826499075_8c91ec270b_z.jpg,0.4163048267364502
677743874_168dcb5ed1_z.jpg,0.3665790557861328
3360078465_de3ceaa137_z.jpg,0.3773069381713867
5877730305_f5e3d13667_z.jpg,0.3767538070678711
6924362656_d86bedc2e4_z.jpg,0.41430044174194336
8572756223_94130c5e61_z.jpg,0.47049593925476074
15237426722_a51d199f2f_z.jpg,0.4534449577331543
211850545_7f670901ab_z.jpg,0.3812897205352783
2861862980_8aab1934f0_z.jpg,0.42307257652282715
2169952827_05bddc305e_z.jpg,0.39096665382385254
2768961204_712996d2bd_z.jpg,0.3188028335571289
20843800936_edcdd89338_z.jpg,0.4949774742126465
4030862073_d697f506b0_z.jpg,0.5544092655181885
5763085728_cd042a4cb0_z.jpg,0.35694217681884766
7742706992_27215ef7f8_z.jpg,0.3728752136230469
2258982401_762044a41d_z.jpg,0.45144033432006836
5381237016_f49e86b880_z.jpg,0.3271193504333496
15837810787_14c16de452_z.jpg,0.39475202560424805
2999108747_2b1e0ac45f_z.jpg,0.4205341339111328
5516505342_43268015f4_z.jpg,0.43300890922546387
36110689_9cbbccb36a_z.jpg,0.45717501640319824
2667833832_bf9ddddac5_z.jpg,0.4383816719055176
9478594118_5861e54c87_z.jpg,0.435344934463501
677743874_168dcb5ed1_z.jpg,0.377474308013916
6309741882_b074ee1a96_z.jpg,0.4926145076751709
2788056049_b71f8998c7_z.jpg,0.4142289161682129
12041194676_da91e0d068_z.jpg,0.3846714496612549
541124874_7247349bb7_z.jpg,0.3927474021911621
189076128_ee6f694a30_z.jpg,0.3849771022796631
5210291488_fe9939bdf1_z.jpg,0.3192157745361328
15071673457_0703cea442_z.jpg,0.39905786514282227
7270802858_c6e2b115e4_z.jpg,0.5796246528625488
5298849761_aeeed1a3f9_z.jpg,0.3960549831390381
241832541_43848dabf3_z.jpg,0.39711856842041016
7782123174_dbda292cef_z.jpg,0.41697025299072266
2918687630_5108e3e2ab_z.jpg,0.3616800308227539
82903264_5dd277c32d_z.jpg,0.43059301376342773
4484760806_dc814d2ce2_z.jpg,0.3648183345794678
5381237016_f49e86b880_z.jpg,0.3363363742828369
5048937296_7c707f1d71_z.jpg,0.5306572914123535
18068160735_6c2f214265_z.jpg,0.42032384872436523
6723753569_a1d8678cde_z.jpg,0.3910965919494629
5506132265_d6d43548eb_z.jpg,0.3929157257080078
809525484_e2e6f137aa_z.jpg,0.4185922145843506
5333910985_ea4e62f651_z.jpg,0.41775012016296387
15617633365_316afedb8d_z.jpg,0.5561277866363525
18285977255_534ec8e749_z.jpg,0.38602685928344727
3442716929_7a26250063_z.jpg,0.41634654998779297
17554656478_22dea58ed2_z.jpg,0.3587660789489746
3372528428_1fdbd7e39c_z.jpg,0.4579954147338867
14628257582_1ff5e98e4c_z.jpg,0.3366813659667969
9755183855_953c4f062c_z.jpg,0.3927156925201416
7417962302_a50fc8eb6b_z.jpg,0.37685251235961914
15083791924_c7195faca3_z.jpg,0.3812990188598633
36110689_9cbbccb36a_z.jpg,0.4604194164276123
8289650934_506c73242a_z.jpg,0.524529218673706
5589760101_cf3ec6080e_z.jpg,0.3762223720550537
2468082692_49ec682990_z.jpg,0.4078488349914551
14757587416_892a95bf77_z.jpg,0.34697437286376953
4728907141_f9e5aa4bce_z.jpg,0.4090402126312256
6168484879_e6b9644722_z.jpg,0.38379883766174316
12988804124_bbea6d94c0_z.jpg,0.3770761489868164
20795376805_7d3aabfce1_z.jpg,0.3667466640472412
14786765330_5d381d2451_z.jpg,0.43007493019104004
8289650934_506c73242a_z.jpg,0.5501186847686768
342659307_d5d9d36af5_z.jpg,0.27146315574645996
13340204053_873cda4cef_z.jpg,0.3207712173461914
8773393046_236298c465_z.jpg,0.38716554641723633
19309035192_8666b8c4e2_z.jpg,0.4421710968017578
4484760806_dc814d2ce2_z.jpg,0.35904574394226074
13368340424_5c1f322f72_z.jpg,0.453200101852417
8399932836_19c21d3779_z.jpg,0.4530787467956543
3604271495_1cacccec06_z.jpg,0.38869380950927734
2392419690_8495e2b2c9_z.jpg,0.44267702102661133
17554656478_22dea58ed2_z.jpg,0.378826379776001
15235483580_08696e0988_z.jpg,0.3847086429595947
7110476047_267467ee68_z.jpg,0.40688323974609375
361146297_ca9b5c8799_z.jpg,0.40786170959472656
5594762666_e157f338f0_z.jpg,0.37713027000427246
7548613890_a6272237ac_z.jpg,0.4576718807220459
15617633365_316afedb8d_z.jpg,0.5881571769714355
2296897953_08627d83a0_z.jpg,0.3918266296386719
3300269400_c276d7a1a7_z.jpg,0.43932151794433594
6217890759_2a6a04d1d9_z.jpg,0.3764688968658447
8289650934_506c73242a_z.jpg,0.5449879169464111
5021039430_0cda148fd5_z.jpg,0.38492918014526367
4231227841_3821544fe1_z.jpg,0.5378940105438232
2918687630_5108e3e2ab_z.jpg,0.38877248764038086
6881088206_947a7622d4_z.jpg,0.4230070114135742
11381011104_36225e2ccc_z.jpg,0.4922316074371338
858829152_629399f0a4_z.jpg,0.4171772003173828
9141188655_328b195d8d_z.jpg,0.38610267639160156
4467873253_2ce7540d62_z.jpg,0.3855879306793213
15071673457_0703cea442_z.jpg,0.3919193744659424
5594762666_e157f338f0_z.jpg,0.3567488193511963
422908475_7be8fe7338_z.jpg,0.512293815612793
8922688952_9cacbffe29_z.jpg,0.3718106746673584
5708252159_5b4ac86a01_z.jpg,0.414562463760376
2166320847_63a04a9303_z.jpg,0.3926882743835449
2787764752_0277f5bbb2_z.jpg,0.41950488090515137
159051371_77f7d02bb6_z.jpg,0.45005178451538086
4597825116_8ec71a76cf_z.jpg,0.4236774444580078
3360078465_de3ceaa137_z.jpg,0.358914852142334
11709285374_bbb0e09e4e_z.jpg,0.44017457962036133
2553120516_dd48754dc4_z.jpg,0.3634958267211914
9444094315_ba610ed94a_z.jpg,0.403334379196167
677743874_168dcb5ed1_z.jpg,0.38097310066223145
9031823026_3e55960d76_z.jpg,0.33799219131469727
2166320847_63a04a9303_z.jpg,0.3927121162414551
98052295_1221189a77_z.jpg,0.4728524684906006
14628257582_1ff5e98e4c_z.jpg,0.3710184097290039
202416281_527efb7418_z.jpg,0.4086892604827881
5513074265_5b31a2339b_z.jpg,0.38086509704589844
51712355_49c2e95899_z.jpg,0.39028096199035645
2787764752_0277f5bbb2_z.jpg,0.41820478439331055
82706249_bf54b24c4e_z.jpg,0.2430589199066162
4743123794_5c502eaee7_z.jpg,0.3875608444213867
7166182137_a5679c9fa4_z.jpg,0.388613224029541
4386974407_c2915fa9b1_z.jpg,0.40851902961730957
2861862980_8aab1934f0_z.jpg,0.4479708671569824
5974549533_83d56b822d_z.jpg,0.3674635887145996
2433596596_377bb91619_z.jpg,0.4660763740539551
8343384446_ebe3bc86ce_z.jpg,0.5819523334503174
4083309359_020d325f73_z.jpg,0.36680078506469727
2258982401_762044a41d_z.jpg,0.42121195793151855
3582713912_3d9ac5ecc9_z.jpg,0.4439418315887451
8634899263_5ce2555806_z.jpg,0.3548579216003418
750912399_32f415ecb1_z.jpg,0.4402296543121338
234597792_a9f1e7e7a9_z.jpg,0.3586394786834717
5093076088_7bc77ec199_z.jpg,0.4440474510192871
296513213_9681371ed9_z.jpg,0.3548910617828369
3895919953_9ba2530425_z.jpg,0.37358641624450684
6897439523_236f77f06f_z.jpg,0.4340648651123047
5516505342_43268015f4_z.jpg,0.4164857864379883
4975505027_db5864977d_z.jpg,0.41925740242004395
7843905188_07e5d2a569_z.jpg,0.358074426651001
7270802858_c6e2b115e4_z.jpg,0.6127848625183105
20795376805_7d3aabfce1_z.jpg,0.3637423515319824
15392489891_905432249f_z.jpg,0.39779233932495117
8349516772_6928ba8b88_z.jpg,0.407421350479126
3283350420_d2b4b8fef3_z.jpg,0.3865323066711426
34095624_ce7c705614_z.jpg,0.43833374977111816
953262953_340a098204_z.jpg,0.3636603355407715
15516450642_4fffe9be37_z.jpg,0.5909984111785889
4730790029_bdc24fcb8c_z.jpg,0.3710782527923584
8744937858_81c17befae_z.jpg,0.3818788528442383
14811525368_d8b774e40a_z.jpg,0.38651037216186523
2767937261_724bce0179_z.jpg,0.4092543125152588
2525539133_73f08a9471_z.jpg,0.3860316276550293
15038212434_9e0e575008_z.jpg,0.5607080459594727
2538610337_8cbdfed59e_z.jpg,0.5338876247406006
2215395014_24a2f8184c_z.jpg,0.43492937088012695
16599186017_25f46b7511_z.jpg,0.564828634262085
6410065163_fef2877544_z.jpg,0.3931570053100586
14786765330_5d381d2451_z.jpg,0.45099902153015137
16658372825_affc436763_z.jpg,0.3193244934082031
4370423313_49f3722e85_z.jpg,0.40888071060180664
15983066535_629c335c63_z.jpg,0.38271284103393555
2296897953_08627d83a0_z.jpg,0.434739351272583
14869105327_a74f23fa8a_z.jpg,0.5128605365753174
8523144329_569f1781b3_z.jpg,0.4790635108947754
4444608672_0fa9174b62_z.jpg,0.3868446350097656
5425389979_390e3f3881_z.jpg,0.41755104064941406
14652913468_5d3b2a39f1_z.jpg,0.42684412002563477
6897439523_236f77f06f_z.jpg,0.4105842113494873
6431185703_6c72dd7b5e_z.jpg,0.3832526206970215
19283436_772222a19e_z.jpg,0.4190027713775635
6217890759_2a6a04d1d9_z.jpg,0.4055633544921875
449567850_48a3c60a6f_z.jpg,0.33245062828063965
2166320847_63a04a9303_z.jpg,0.3825249671936035
19283436_772222a19e_z.jpg,0.4400954246520996
15983066535_629c335c63_z.jpg,0.35492753982543945
15837810787_14c16de452_z.jpg,0.3801603317260742
3141821008_3743fb8be5_z.jpg,0.4631617069244385
7035751851_15d745cf2c_z.jpg,0.42667531967163086
2433290346_8482cac895_z.jpg,0.3647441864013672
20264405486_14055e8288_z.jpg,0.4364147186279297
9549882142_c59c04bac0_z.jpg,0.3440396785736084
15038212434_9e0e575008_z.jpg,0.5550341606140137
4479906928_4ab0604d1c_z.jpg,0.41827821731567383
8744937858_81c17befae_z.jpg,0.3962218761444092
14289042367_a041af95f4_z.jpg,0.38802528381347656
19309035192_8666b8c4e2_z.jpg,0.4446287155151367
6431185703_6c72dd7b5e_z.jpg,0.35714197158813477
15625756039_d59f4e16fa_z.jpg,0.4497075080871582
5336089950_d2f4618519_z.jpg,0.32468676567077637
5316877862_ccdebd50e5_z.jpg,0.3833496570587158
11983632613_4efcf5f3d3_z.jpg,0.37427282333374023
2746929519_3599d54cfb_z.jpg,0.4378340244293213
36110689_9cbbccb36a_z.jpg,0.4459116458892822
15071673457_0703cea442_z.jpg,0.38431501388549805
5971377496_abc7d794c7_z.jpg,0.42032456398010254
2215395014_24a2f8184c_z.jpg,0.4829895496368408
438887381_0a2a4e97e4_z.jpg,0.36928582191467285
4414731678_5f70c9f88e_z.jpg,0.44107985496520996
4728907141_f9e5aa4bce_z.jpg,0.42505526542663574
2768961204_712996d2bd_z.jpg,0.3199954032897949
3442716929_7a26250063_z.jpg,0.3892364501953125
16675918410_cc9588a553_z.jpg,0.3247220516204834
1229448893_42c357ea12_z.jpg,0.36195921897888184
2230295891_a68077f047_z.jpg,0.3912961483001709
219320127_ff9873aaf5_z.jpg,0.4245336055755615
2592416858_f849d2ac8f_z.jpg,0.40285682678222656
19577109682_a0282d8678_z.jpg,0.43109679222106934
6771874127_f8f380b3cb_z.jpg,0.36254358291625977
777472482_5eae8617bd_z.jpg,0.44591283798217773
82903264_5dd277c32d_z.jpg,0.4365561008453369
3607850542_a3577913d7_z.jpg,0.42825889587402344
3442716929_7a26250063_z.jpg,0.39154982566833496
7166182137_a5679c9fa4_z.jpg,0.35962605476379395
3283350420_d2b4b8fef3_z.jpg,0.37141919136047363
51712355_49c2e95899_z.jpg,0.37596988677978516
3197300261_4e5e9c5e3e_z.jpg,0.5848193168640137
3607850542_a3577913d7_z.jpg,0.3922255039215088
15837810787_14c16de452_z.jpg,0.38501763343811035
16954781749_4c32123444_z.jpg,0.3785107135772705
14869105327_a74f23fa8a_z.jpg,0.538550615310669
3442716929_7a26250063_z.jpg,0.3829774856567383
15071673457_0703cea442_z.jpg,0.3901686668395996
8591221048_8fe555a40c_z.jpg,0.39122629165649414
144429519_9567ff4044_z.jpg,0.4052863121032715
2698863450_3a10857081_z.jpg,0.5528292655944824
2861862980_8aab1934f0_z.jpg,0.41666388511657715
15071673457_0703cea442_z.jpg,0.3868124485015869
189076128_ee6f694a30_z.jpg,0.36012744903564453
412652687_4d6cb46129_z.jpg,0.4306762218475342
4282546783_10b5e0a62e_z.jpg,0.42017269134521484
4386974407_c2915fa9b1_z.jpg,0.4095473289489746
4163439575_7c6a260e8e_z.jpg,0.4558842182159424
3850147043_06970bc680_z.jpg,0.41573619842529297
9132297449_f27a6b1a45_z.jpg,0.5362634658813477
3604271495_1cacccec06_z.jpg,0.3878352642059326
953262953_340a098204_z.jpg,0.3987703323364258
7248771448_66aab6455d_z.jpg,0.44379663467407227
2177230709_086e9d23d8_z.jpg,0.3850288391113281
4479906928_4ab0604d1c_z.jpg,0.4494941234588623
189076128_ee6f694a30_z.jpg,0.37088704109191895
5298849761_aeeed1a3f9_z.jpg,0.37760138511657715
5387089136_efcdc42456_z.jpg,0.38479137420654297
4991188769_8642331e2c_z.jpg,0.380098819732666
5513074265_5b31a2339b_z.jpg,0.37861084938049316
3959888385_3580cd572c_z.jpg,0.4719879627227783
7175939730_9a03853d4c_z.jpg,0.41938304901123047
3312304999_bc296f3260_z.jpg,0.31895947456359863
11983632613_4efcf5f3d3_z.jpg,0.37030720710754395
19474810921_d2f23de0fc_z.jpg,0.41816234588623047
9159634981_ea2947ff02_z.jpg,0.4245789051055908
13340204053_873cda4cef_z.jpg,0.31682586669921875
14711690133_019fe56eb5_z.jpg,0.3750040531158447
2215395014_24a2f8184c_z.jpg,0.46433568000793457
6924362656_d86bedc2e4_z.jpg,0.4171943664550781
5021039430_0cda148fd5_z.jpg,0.38863468170166016
33580840_a67c2b796a_z.jpg,0.4200096130371094
7581740758_a1c5cf246e_z.jpg,0.38843250274658203
9157606630_2ef852a3ee_z.jpg,0.38381361961364746
5481347426_620620145e_z.jpg,0.38985157012939453
2244176071_615b055c30_z.jpg,0.41870737075805664
6455179889_6db5a93bfa_z.jpg,0.4750831127166748
2468082692_49ec682990_z.jpg,0.427095890045166
36110689_9cbbccb36a_z.jpg,0.4399130344390869
9159634981_ea2947ff02_z.jpg,0.42183566093444824
5763085728_cd042a4cb0_z.jpg,0.38964104652404785
9478594118_5861e54c87_z.jpg,0.4217081069946289
2370036280_507a07c953_z.jpg,0.3889491558074951
1134141407_0254c76c4d_z.jpg,0.34896302223205566
13073061203_f7d640a8b3_z.jpg,0.36611151695251465
4763265058_6c6dbb9abe_z.jpg,0.381040096282959
3283350420_d2b4b8fef3_z.jpg,0.3853132724761963
5878631770_0c5592a1ee_z.jpg,0.374500036239624
9157606630_2ef852a3ee_z.jpg,0.3758842945098877
8730902798_bfe9360f4e_z.jpg,0.40859150886535645
5021039430_0cda148fd5_z.jpg,0.37788987159729004
361146297_ca9b5c8799_z.jpg,0.44623875617980957
4975505027_db5864977d_z.jpg,0.4298830032348633
8291522231_19e1414c1b_z.jpg,0.5615890026092529
2787764752_0277f5bbb2_z.jpg,0.393657922744751
2946145533_75f5268f19_z.jpg,0.4306306838989258
4484760806_dc814d2ce2_z.jpg,0.3657855987548828
9372235876_d7d69f1790_z.jpg,0.45358920097351074
12041194676_da91e0d068_z.jpg,0.39754605293273926
2946145533_75f5268f19_z.jpg,0.42662644386291504
2468082692_49ec682990_z.jpg,0.4305684566497803
15490190390_d64fe16141_z.jpg,0.3842761516571045
8960442702_6c931904f0_z.jpg,0.40383315086364746
2861862980_8aab1934f0_z.jpg,0.4301948547363281
7782123174_dbda292cef_z.jpg,0.420623779296875
15983066535_629c335c63_z.jpg,0.39704203605651855
5540859766_5596c9c59e_z.jpg,0.4640047550201416
3157735385_c9e7580f03_z.jpg,0.41623950004577637
6499183869_45bb8908c3_z.jpg,0.39185237884521484
6111783458_61cc1f0f88_z.jpg,0.39289402961730957
7675033952_b3caa0dd37_z.jpg,0.42349910736083984
5425389979_390e3f3881_z.jpg,0.41784143447875977
15543230406_71c5a59208_z.jpg,0.4172854423522949
36110689_9cbbccb36a_z.jpg,0.4383511543273926
5506132265_d6d43548eb_z.jpg,0.3808717727661133
3604271495_1cacccec06_z.jpg,0.38214898109436035
9573099282_bbc0b12c70_z.jpg,0.4657247066497803
3409776362_07a8bb7f17_z.jpg,0.4802513122558594
211850545_7f670901ab_z.jpg,0.3999924659729004
9157606630_2ef852a3ee_z.jpg,0.3629910945892334
14265143426_0770389597_z.jpg,0.3684985637664795
2746929519_3599d54cfb_z.jpg,0.45273447036743164
5021039430_0cda148fd5_z.jpg,0.365131139755249
15071673457_0703cea442_z.jpg,0.38394832611083984
5971377496_abc7d794c7_z.jpg,0.4357767105102539
9057859369_5a432fdfe1_z.jpg,0.3662734031677246
6723753569_a1d8678cde_z.jpg,0.37867021560668945
7475018518_6c715a96c1_z.jpg,0.3789560794830322
5971377496_abc7d794c7_z.jpg,0.4051322937011719
14265143426_0770389597_z.jpg,0.35268115997314453
5605719660_5bed05cca3_z.jpg,0.37599825859069824
19309035192_8666b8c4e2_z.jpg,0.3933746814727783
7035751851_15d745cf2c_z.jpg,0.42983031272888184
3452990622_cfb5fba34a_z.jpg,0.41944169998168945
9549882142_c59c04bac0_z.jpg,0.32163214683532715
7175939730_9a03853d4c_z.jpg,0.403444766998291
2768961204_712996d2bd_z.jpg,0.32965636253356934
16658372825_affc436763_z.jpg,0.3181784152984619
677743874_168dcb5ed1_z.jpg,0.37864017486572266
6835338988_c013b40c94_z.jpg,0.39131760597229004
13368340424_5c1f322f72_z.jpg,0.4409520626068115
4479906928_4ab0604d1c_z.jpg,0.428272008895874
9238365388_d2bb1bb2e4_z.jpg,0.36042237281799316
3069852951_85b984b709_z.jpg,0.43364500999450684
15584457029_80b75274db_z.jpg,0.35949087142944336
4370423313_49f3722e85_z.jpg,0.4522392749786377
16086668084_0d1665cda4_z.jpg,0.47913241386413574
953262953_340a098204_z.jpg,0.37256622314453125
3413987789_b607473327_z.jpg,0.4387168884277344
19030996840_1fbbb14eeb_z.jpg,0.5716004371643066
7035751851_15d745cf2c_z.jpg,0.398120641708374
7192116992_5447de0caa_z.jpg,0.44687962532043457
3607850542_a3577913d7_z.jpg,0.42843008041381836
8960442702_6c931904f0_z.jpg,0.35805535316467285
2718097307_1fb900f17a_z.jpg,0.4064979553222656
11132512636_ebb3a6a070_z.jpg,0.3914613723754883
7685782426_d3615820e9_z.jpg,0.3728373050689697
104222040_c20f16bbc0_z.jpg,0.44166994094848633
82903264_5dd277c32d_z.jpg,0.4268817901611328
412652687_4d6cb46129_z.jpg,0.4235391616821289
5506132265_d6d43548eb_z.jpg,0.3941648006439209
19283436_772222a19e_z.jpg,0.4154636859893799
3069852951_85b984b709_z.jpg,0.43203139305114746
2277306387_af18b2096e_z.jpg,0.4383721351623535
16675918410_cc9588a553_z.jpg,0.31447529792785645
4349979920_189df35e15_z.jpg,0.45933032035827637
5340010485_edeaa88c83_z.jpg,0.4218771457672119
8183126241_e78c7f86ba_z.jpg,0.39878058433532715
342659307_d5d9d36af5_z.jpg,0.27716827392578125
4380790081_1cbcb573ec_z.jpg,0.3627169132232666
3954929491_6e95503c3d_z.jpg,0.38379383087158203
2667833832_bf9ddddac5_z.jpg,0.43976593017578125
14507981482_c50d893620_z.jpg,0.45179319381713867
4597825116_8ec71a76cf_z.jpg,0.41821718215942383
8874948232_195679aa4e_z.jpg,0.38336849212646484
7110476047_267467ee68_z.jpg,0.42072033882141113
4029738064_00c4cd038b_z.jpg,0.38798999786376953
6816985831_893d039421_z.jpg,0.39521288871765137
6835338988_c013b40c94_z.jpg,0.36298418045043945
5333910985_ea4e62f651_z.jpg,0.4379417896270752
159051371_77f7d02bb6_z.jpg,0.4156651496887207
15091650494_d8a5f37637_z.jpg,0.3939023017883301
15235483580_08696e0988_z.jpg,0.36229705810546875
48901634_c792cbab58_z.jpg,0.37225842475891113
6431153899_9ac59a36b4_z.jpg,0.43474459648132324
6117174227_6e5da0556b_z.jpg,0.36197328567504883
14869105327_a74f23fa8a_z.jpg,0.5271005630493164
5290576324_881daf8265_z.jpg,0.45334386825561523
4030862073_d697f506b0_z.jpg,0.5225977897644043
1511658057_17b7bac11a_z.jpg,0.36738109588623047
16679943419_b0fd9b6858_z.jpg,0.3829007148742676
3715997008_28a251eba7_z.jpg,0.3787360191345215
1570513225_265b529538_z.jpg,0.39470958709716797
3360078465_de3ceaa137_z.jpg,0.3928089141845703
9478594118_5861e54c87_z.jpg,0.4195432662963867
4484760806_dc814d2ce2_z.jpg,0.3986389636993408
13314143603_95d63b5748_z.jpg,0.41435742378234863
33580840_a67c2b796a_z.jpg,0.4264190196990967
2882148223_72d4df2a8e_z.jpg,0.44620394706726074
890847666_ec8eaecf88_z.jpg,0.42740416526794434
858829152_629399f0a4_z.jpg,0.41437625885009766
5298849761_aeeed1a3f9_z.jpg,0.35709285736083984
4484760806_dc814d2ce2_z.jpg,0.37529945373535156
4763265058_6c6dbb9abe_z.jpg,0.3746366500854492
15837810787_14c16de452_z.jpg,0.39474916458129883
16433605163_8c9393beb1_z.jpg,0.45839715003967285
9238365388_d2bb1bb2e4_z.jpg,0.3607621192932129
15237426722_a51d199f2f_z.jpg,0.47571325302124023
7928462126_bb6f3a98bf_z.jpg,0.390674352645874
9755183855_953c4f062c_z.jpg,0.3553023338317871
10921149963_027e750820_z.jpg,0.3831338882446289
1134141407_0254c76c4d_z.jpg,0.3434290885925293
14757587416_892a95bf77_z.jpg,0.31992387771606445
5466970559_0f7b06bcd6_z.jpg,0.3778202533721924
4479906928_4ab0604d1c_z.jpg,0.4404637813568115
252889263_3cf2d57f34_z.jpg,0.41823720932006836
7110476047_267467ee68_z.jpg,0.410921573638916
6309741882_b074ee1a96_z.jpg,0.46253490447998047
15392489891_905432249f_z.jpg,0.38875293731689453
9444094315_ba610ed94a_z.jpg,0.39491748809814453
8289650934_506c73242a_z.jpg,0.5467054843902588
3462334590_2b8f39c540_z.jpg,0.4857769012451172
5298850167_d1e13e9551_z.jpg,0.36458635330200195
432591931_4789d0f0f1_z.jpg,0.40856003761291504
3209962531_f75dbe4341_z.jpg,0.3997611999511719
5513074265_5b31a2339b_z.jpg,0.3900423049926758
2296897953_08627d83a0_z.jpg,0.4090099334716797
16982913298_aa90f2a62b_z.jpg,0.5939946174621582
5599702283_8562638984_z.jpg,0.44280314445495605
5599702283_8562638984_z.jpg,0.4049108028411865
16675918410_cc9588a553_z.jpg,0.32462286949157715
3499391979_76c0c01a3c_z.jpg,0.393568754196167
2718097307_1fb900f17a_z.jpg,0.39313745498657227
18608021442_84f7dcfa5c_z.jpg,0.44544196128845215
15490190390_d64fe16141_z.jpg,0.36650824546813965
4743123794_5c502eaee7_z.jpg,0.3833937644958496
10218081326_b6a2dd98f5_z.jpg,0.6056501865386963
5333910985_ea4e62f651_z.jpg,0.39260101318359375
8874948232_195679aa4e_z.jpg,0.3808286190032959
361146297_ca9b5c8799_z.jpg,0.44370555877685547
4122228889_3b69997e0c_z.jpg,0.42565155029296875
2258982401_762044a41d_z.jpg,0.42418527603149414
11101898274_dcf6061b20_z.jpg,0.39316701889038086
7192116992_5447de0caa_z.jpg,0.42266321182250977
4901520304_aa5c10705e_z.jpg,0.4296886920928955
7443993440_80892cc39d_z.jpg,0.563654899597168
342659307_d5d9d36af5_z.jpg,0.2850613594055176
3312304999_bc296f3260_z.jpg,0.3190419673919678
8562326627_1a68052e58_z.jpg,0.5432248115539551
8032610600_1dd81d41a4_z.jpg,0.39327478408813477
3703720579_4a2cf4af15_z.jpg,0.4216134548187256
4975505027_db5864977d_z.jpg,0.4158060550689697
5021039430_0cda148fd5_z.jpg,0.3787221908569336
3676100181_dc21ca177f_z.jpg,0.40776777267456055
3069852951_85b984b709_z.jpg,0.43856191635131836
10921149963_027e750820_z.jpg,0.36223602294921875
5816846412_7b6fa97da0_z.jpg,0.38771915435791016
16278721974_968bd6bbcf_z.jpg,0.3448905944824219
319365750_c6ecd7afbc_z.jpg,0.4205341339111328
15333662010_2f428f7e2f_z.jpg,0.421370267868042
144429519_9567ff4044_z.jpg,0.38466501235961914
6113997729_5f5ac02209_z.jpg,0.41612982749938965
17554656478_22dea58ed2_z.jpg,0.3817594051361084
5490854064_57151abb4f_z.jpg,0.4095892906188965
11381011104_36225e2ccc_z.jpg,0.49483466148376465
80536950_5993089209_z.jpg,0.4136793613433838
7581740758_a1c5cf246e_z.jpg,0.3837015628814697
14351072751_334621d203_z.jpg,0.41521310806274414
3360078465_de3ceaa137_z.jpg,0.39199233055114746
3747524_f07f508ba9_z.jpg,0.4666140079498291
3679100484_a8e3044e55_z.jpg,0.436495304107666
414586991_9630094229_z.jpg,0.45784926414489746
2365652301_0de626bd97_z.jpg,0.434009313583374
202416281_527efb7418_z.jpg,0.41945934295654297
432591931_4789d0f0f1_z.jpg,0.411865234375
677743874_168dcb5ed1_z.jpg,0.376605749130249
4065552857_98aa8a39d4_z.jpg,0.37613773345947266
19299023856_077e45c472_z.jpg,0.37431979179382324
13314143603_95d63b5748_z.jpg,0.4110538959503174
4467873253_2ce7540d62_z.jpg,0.3795604705810547
19577109682_a0282d8678_z.jpg,0.4032313823699951
8265517869_53c5fb3eff_z.jpg,0.3767991065979004
3715997008_28a251eba7_z.jpg,0.3709733486175537
4728907141_f9e5aa4bce_z.jpg,0.4342367649078369
915541987_2627e91a14_z.jpg,0.3658437728881836
14409775264_5b589b56b4_z.jpg,0.43764472007751465
5333910985_ea4e62f651_z.jpg,0.4194953441619873
16106543870_2f167db1e1_z.jpg,0.420518159866333
3747524_f07f508ba9_z.jpg,0.43871259689331055
5340010485_edeaa88c83_z.jpg,0.41620540618896484
528252616_a57e6257ff_z.jpg,0.41957831382751465
6010263871_df93fb6382_z.jpg,0.3840596675872803
2166320847_63a04a9303_z.jpg,0.37858009338378906
2883059364_a6ccfaf69a_z.jpg,0.4086778163909912
4743123794_5c502eaee7_z.jpg,0.377091646194458
8032610600_1dd81d41a4_z.jpg,0.3757193088531494
2788056049_b71f8998c7_z.jpg,0.44861316680908203
235979174_fcd7ef1374_z.jpg,0.4226534366607666
16106543870_2f167db1e1_z.jpg,0.4162440299987793
15983066535_629c335c63_z.jpg,0.38655543327331543
2918687630_5108e3e2ab_z.jpg,0.3917055130004883
8291522231_19e1414c1b_z.jpg,0.5587942600250244
3954929491_6e95503c3d_z.jpg,0.36711621284484863
750912399_32f415ecb1_z.jpg,0.41037607192993164
7928462126_bb6f3a98bf_z.jpg,0.3806953430175781
8538565946_199e28b584_z.jpg,0.5481359958648682
5021039430_0cda148fd5_z.jpg,0.38782835006713867
104222040_c20f16bbc0_z.jpg,0.4220917224884033
7782123174_dbda292cef_z.jpg,0.4247150421142578
15837810787_14c16de452_z.jpg,0.38574981689453125
5340010485_edeaa88c83_z.jpg,0.40601396560668945
5481347426_620620145e_z.jpg,0.4161558151245117
4065552857_98aa8a39d4_z.jpg,0.37600111961364746
9238365388_d2bb1bb2e4_z.jpg,0.3811676502227783
4743123794_5c502eaee7_z.jpg,0.38462114334106445
105398161_799ded9b2a_z.jpg,0.41365671157836914
3141821008_3743fb8be5_z.jpg,0.4785890579223633
16658372825_affc436763_z.jpg,0.32514476776123047
13314143603_95d63b5748_z.jpg,0.46405601501464844
5506132265_d6d43548eb_z.jpg,0.36107945442199707
224422461_dddd4c8e99_z.jpg,0.4422452449798584
7664570690_6ab2f0ab5d_z.jpg,0.4248476028442383
19030996840_1fbbb14eeb_z.jpg,0.6048762798309326
6309741882_b074ee1a96_z.jpg,0.47358179092407227
6076857457_7a06e6ab35_z.jpg,0.41901183128356934
4386974407_c2915fa9b1_z.jpg,0.4092826843261719
11335325886_75cf456ea8_z.jpg,0.5182573795318604
144429519_9567ff4044_z.jpg,0.3779871463775635
361146297_ca9b5c8799_z.jpg,0.44312167167663574
16278721974_968bd6bbcf_z.jpg,0.3227386474609375
3446761063_9cdc26f36c_z.jpg,0.3871285915374756
15237426722_a51d199f2f_z.jpg,0.44718003273010254
5513074265_5b31a2339b_z.jpg,0.3952939510345459
3954929491_6e95503c3d_z.jpg,0.38651490211486816
3452990622_cfb5fba34a_z.jpg,0.4199187755584717
4163439575_7c6a260e8e_z.jpg,0.47553420066833496
9573099282_bbc0b12c70_z.jpg,0.4441690444946289
16107639462_07e2d4455d_z.jpg,0.3863401412963867
3604271495_1cacccec06_z.jpg,0.40067601203918457
6835338988_c013b40c94_z.jpg,0.4023408889770508
15071673457_0703cea442_z.jpg,0.3996551036834717
449567850_48a3c60a6f_z.jpg,0.342740535736084
13073061203_f7d640a8b3_z.jpg,0.3887948989868164
10218081326_b6a2dd98f5_z.jpg,0.5552651882171631
14786765330_5d381d2451_z.jpg,0.44197893142700195
15625756039_d59f4e16fa_z.jpg,0.4159414768218994
5021039430_0cda148fd5_z.jpg,0.3968532085418701
8032610600_1dd81d41a4_z.jpg,0.3607649803161621
14409775264_5b589b56b4_z.jpg,0.4353492259979248
4029738064_00c4cd038b_z.jpg,0.36075925827026367
3850147043_06970bc680_z.jpg,0.43015027046203613
2296897953_08627d83a0_z.jpg,0.41796374320983887
6141562070_11880edf2e_z.jpg,0.3826746940612793
4479906928_4ab0604d1c_z.jpg,0.4210696220397949
4901520304_aa5c10705e_z.jpg,0.4134650230407715
3291298501_9a8eed3fa0_z.jpg,0.3845071792602539
2918687630_5108e3e2ab_z.jpg,0.40279126167297363
6076857457_7a06e6ab35_z.jpg,0.4175896644592285
4231227841_3821544fe1_z.jpg,0.5536739826202393
14628257582_1ff5e98e4c_z.jpg,0.34920716285705566
3679100484_a8e3044e55_z.jpg,0.4184432029724121
7928462126_bb6f3a98bf_z.jpg,0.38640570640563965
16658372825_affc436763_z.jpg,0.33988165855407715
4122228889_3b69997e0c_z.jpg,0.41913557052612305
3413987789_b607473327_z.jpg,0.41666364669799805
18608021442_84f7dcfa5c_z.jpg,0.4197354316711426
7110476047_267467ee68_z.jpg,0.405031681060791
2136213674_4e484d88e3_z.jpg,0.43397021293640137
414586991_9630094229_z.jpg,0.4636213779449463
31792151_e1e4c47427_z.jpg,0.38222193717956543
7685782426_d3615820e9_z.jpg,0.3952810764312744
319365750_c6ecd7afbc_z.jpg,0.41641712188720703
9132297449_f27a6b1a45_z.jpg,0.5432252883911133
7248771448_66aab6455d_z.jpg,0.430924654006958
15782459318_437c57f515_z.jpg,0.38359975814819336
19030996840_1fbbb14eeb_z.jpg,0.6004652976989746
17594682014_fcd2ac5ca3_z.jpg,0.3910045623779297
241832541_43848dabf3_z.jpg,0.38916015625
3632975096_ec47d16f37_z.jpg,0.443683385848999
16086668084_0d1665cda4_z.jpg,0.4846312999725342
6309741882_b074ee1a96_z.jpg,0.5025827884674072
2392419690_8495e2b2c9_z.jpg,0.4736328125
12570366253_52905ec5a1_z.jpg,0.4235053062438965
8289650934_506c73242a_z.jpg,0.551227331161499
7417962302_a50fc8eb6b_z.jpg,0.3641993999481201
5290576324_881daf8265_z.jpg,0.43857240676879883
18608021442_84f7dcfa5c_z.jpg,0.42996859550476074
1428837563_12ec867e05_z.jpg,0.41731905937194824
7475018518_6c715a96c1_z.jpg,0.3860621452331543
6180200475_fda2795252_z.jpg,0.42046022415161133
5048937296_7c707f1d71_z.jpg,0.509528636932373
8591221048_8fe555a40c_z.jpg,0.3604319095611572
14265143426_0770389597_z.jpg,0.36574649810791016
5877730305_f5e3d13667_z.jpg,0.40146422386169434
8032610600_1dd81d41a4_z.jpg,0.390347957611084
159051371_77f7d02bb6_z.jpg,0.41847777366638184
3197300261_4e5e9c5e3e_z.jpg,0.5631170272827148
204668081_9bb000df17_z.jpg,0.5171337127685547
4479906928_4ab0604d1c_z.jpg,0.42696213722229004
6117174227_6e5da0556b_z.jpg,0.39798974990844727
953262953_340a098204_z.jpg,0.3980402946472168
809525484_e2e6f137aa_z.jpg,0.4263942241668701
8032610600_1dd81d41a4_z.jpg,0.3677346706390381
224422461_dddd4c8e99_z.jpg,0.4409477710723877
3582713912_3d9ac5ecc9_z.jpg,0.4167971611022949
2215395014_24a2f8184c_z.jpg,0.4389009475708008
4597825116_8ec71a76cf_z.jpg,0.4377408027648926
8265517869_53c5fb3eff_z.jpg,0.35561323165893555
4380790081_1cbcb573ec_z.jpg,0.3798046112060547
8538565946_199e28b584_z.jpg,0.5368974208831787
5513074265_5b31a2339b_z.jpg,0.3912322521209717
432591931_4789d0f0f1_z.jpg,0.4177885055541992
5298850167_d1e13e9551_z.jpg,0.37833571434020996
3607850542_a3577913d7_z.jpg,0.4156053066253662
915541987_2627e91a14_z.jpg,0.41562652587890625
4730790029_bdc24fcb8c_z.jpg,0.3587312698364258
14289042367_a041af95f4_z.jpg,0.372971773147583
82706249_bf54b24c4e_z.jpg,0.24525928497314453
1511658057_17b7bac11a_z.jpg,0.3723621368408203
3679100484_a8e3044e55_z.jpg,0.4135119915008545
3413987789_b607473327_z.jpg,0.41042637825012207
16675918410_cc9588a553_z.jpg,0.3319838047027588
8960442702_6c931904f0_z.jpg,0.38677120208740234
14652913468_5d3b2a39f1_z.jpg,0.4239659309387207
16599186017_25f46b7511_z.jpg,0.5477490425109863
2277306387_af18b2096e_z.jpg,0.42264509201049805
5763085728_cd042a4cb0_z.jpg,0.3730640411376953
16278721974_968bd6bbcf_z.jpg,0.33752965927124023
3747524_f07f508ba9_z.jpg,0.43599963188171387
13472183804_b6c8633f6e_z.jpg,0.458967924118042
5021039430_0cda148fd5_z.jpg,0.35815000534057617
387284206_360c4e3d6e_z.jpg,0.26393985748291016
19283436_772222a19e_z.jpg,0.4255664348602295
3954929491_6e95503c3d_z.jpg,0.3726210594177246
3353007655_56889b94a7_z.jpg,0.433582067489624
5048937296_7c707f1d71_z.jpg,0.48953986167907715
422908475_7be8fe7338_z.jpg,0.5046160221099854
258460789_c4baeb300a_z.jpg,0.4154486656188965
3679100484_a8e3044e55_z.jpg,0.4108586311340332
5816846412_7b6fa97da0_z.jpg,0.39386892318725586
4370423313_49f3722e85_z.jpg,0.4324836730957031
18285977255_534ec8e749_z.jpg,0.4134523868560791
1240686712_fbccf26b7f_z.jpg,0.3972351551055908
6102395478_8c004e1142_z.jpg,0.4077792167663574
12570366253_52905ec5a1_z.jpg,0.4360034465789795
6100259603_28a9794ed5_z.jpg,0.36031389236450195
1570513225_265b529538_z.jpg,0.39187026023864746
5549228224_a42f7d5300_z.jpg,0.38257336616516113
3442716929_7a26250063_z.jpg,0.37772536277770996
5436402112_3aee3141a7_z.jpg,0.47566962242126465
892497288_b916ec820e_z.jpg,0.4345536231994629
15837810787_14c16de452_z.jpg,0.39186859130859375
3895919953_9ba2530425_z.jpg,0.36908555030822754
6117174227_6e5da0556b_z.jpg,0.3744316101074219
34095624_ce7c705614_z.jpg,0.43370652198791504
6771874127_f8f380b3cb_z.jpg,0.350482702255249
2230295891_a68077f047_z.jpg,0.3782227039337158
8349516772_6928ba8b88_z.jpg,0.4510817527770996
13314143603_95d63b5748_z.jpg,0.4188377857208252
438887381_0a2a4e97e4_z.jpg,0.4033322334289551
268134569_0cea602ccb_z.jpg,0.4307060241699219
1511658057_17b7bac11a_z.jpg,0.33898425102233887
6100259603_28a9794ed5_z.jpg,0.3874213695526123
9444094315_ba610ed94a_z.jpg,0.3776695728302002
11983632613_4efcf5f3d3_z.jpg,0.35509538650512695
14289042367_a041af95f4_z.jpg,0.38608527183532715
5048937296_7c707f1d71_z.jpg,0.5461812019348145
5290576324_881daf8265_z.jpg,0.42989349365234375
16850385890_8105762655_z.jpg,0.38810038566589355
12041194676_da91e0d068_z.jpg,0.3890507221221924
3685504815_c15a389bd3_z.jpg,0.4169161319732666
3141821008_3743fb8be5_z.jpg,0.44100236892700195
319365750_c6ecd7afbc_z.jpg,0.42023539543151855
7019541657_00e6c7a645_z.jpg,0.39415526390075684
15584457029_80b75274db_z.jpg,0.39516472816467285
2370036280_507a07c953_z.jpg,0.41675662994384766
7928462126_bb6f3a98bf_z.jpg,0.36574649810791016
15617633365_316afedb8d_z.jpg,0.6364998817443848
2230295891_a68077f047_z.jpg,0.36313509941101074
1553312291_c0cae48a37_z.jpg,0.25649547576904297
15235483580_08696e0988_z.jpg,0.3824808597564697
7035751851_15d745cf2c_z.jpg,0.45182156562805176
4083309359_020d325f73_z.jpg,0.36098194122314453
104222040_c20f16bbc0_z.jpg,0.45241451263427734
211850545_7f670901ab_z.jpg,0.3582472801208496
4386974407_c2915fa9b1_z.jpg,0.3994133472442627
1511658057_17b7bac11a_z.jpg,0.3730034828186035
15516450642_4fffe9be37_z.jpg,0.5517079830169678
4743123794_5c502eaee7_z.jpg,0.3881089687347412
2788056049_b71f8998c7_z.jpg,0.45621800422668457
3703720579_4a2cf4af15_z.jpg,0.41910290718078613
105398161_799ded9b2a_z.jpg,0.4280891418457031
3290610375_c742148226_z.jpg,0.361513614654541
4743123794_5c502eaee7_z.jpg,0.3968167304992676
1229448893_42c357ea12_z.jpg,0.3604433536529541
7475018518_6c715a96c1_z.jpg,0.38207197189331055
11132512636_ebb3a6a070_z.jpg,0.38425254821777344
5816846412_7b6fa97da0_z.jpg,0.38511061668395996
16850385890_8105762655_z.jpg,0.3912012577056885
5436402112_3aee3141a7_z.jpg,0.46770715713500977
6141562070_11880edf2e_z.jpg,0.39000368118286133
3452990622_cfb5fba34a_z.jpg,0.4725668430328369
2538610337_8cbdfed59e_z.jpg,0.5337584018707275
6113997729_5f5ac02209_z.jpg,0.4514594078063965
2433290346_8482cac895_z.jpg,0.39063429832458496
2787764752_0277f5bbb2_z.jpg,0.4376187324523926
3959888385_3580cd572c_z.jpg,0.43016719818115234
14757587416_892a95bf77_z.jpg,0.31416773796081543
2136213674_4e484d88e3_z.jpg,0.4560275077819824
8265517869_53c5fb3eff_z.jpg,0.3722529411315918
5099996575_32762aeb7f_z.jpg,0.4634838104248047
4231227841_3821544fe1_z.jpg,0.5854995250701904
296513213_9681371ed9_z.jpg,0.37538695335388184
7417962302_a50fc8eb6b_z.jpg,0.4019303321838379
9141188655_328b195d8d_z.jpg,0.38697242736816406
48901634_c792cbab58_z.jpg,0.385953426361084
12570366253_52905ec5a1_z.jpg,0.40084147453308105
6098643678_fc8044b5ac_z.jpg,0.3807973861694336
98052295_1221189a77_z.jpg,0.47014880180358887
19283436_772222a19e_z.jpg,0.4393017292022705
268134569_0cea602ccb_z.jpg,0.4123713970184326
8591221048_8fe555a40c_z.jpg,0.35436367988586426
8132134109_24eaa95e21_z.jpg,0.3210172653198242
9159634981_ea2947ff02_z.jpg,0.40930700302124023
1511658057_17b7bac11a_z.jpg,0.35469961166381836
6499183869_45bb8908c3_z.jpg,0.4008138179779053
268134569_0cea602ccb_z.jpg,0.4089229106903076
2883059364_a6ccfaf69a_z.jpg,0.4204583168029785
5093076088_7bc77ec199_z.jpg,0.4119555950164795
1428837563_12ec867e05_z.jpg,0.42060279846191406
422908475_7be8fe7338_z.jpg,0.4934556484222412
219320127_ff9873aaf5_z.jpg,0.41071248054504395
3029397040_d35cf11083_z.jpg,0.3718585968017578
5599702283_8562638984_z.jpg,0.38782501220703125
7035751851_15d745cf2c_z.jpg,0.43898844718933105
15543230406_71c5a59208_z.jpg,0.4752507209777832
3595778703_d3bec2f74e_z.jpg,0.4230811595916748
16954781749_4c32123444_z.jpg,0.36742091178894043
15392489891_905432249f_z.jpg,0.3859670162200928
2177634493_51ca0597e2_z.jpg,0.5852570533752441
449567850_48a3c60a6f_z.jpg,0.3424549102783203
4018061968_3e03b2e96f_z.jpg,0.4173598289489746
1570552254_fcac0be216_z.jpg,0.4040672779083252
11101898274_dcf6061b20_z.jpg,0.4129829406738281
82903264_5dd277c32d_z.jpg,0.4368720054626465
13073061203_f7d640a8b3_z.jpg,0.3695979118347168
5336089950_d2f4618519_z.jpg,0.34418535232543945
5575004957_c281c5de1f_z.jpg,0.41199493408203125
2718097307_1fb900f17a_z.jpg,0.3641376495361328
6410065163_fef2877544_z.jpg,0.3815019130706787
7035751851_15d745cf2c_z.jpg,0.405576229095459
9478594118_5861e54c87_z.jpg,0.43790650367736816
16982913298_aa90f2a62b_z.jpg,0.5562686920166016
5816846412_7b6fa97da0_z.jpg,0.3491067886352539
5708252159_5b4ac86a01_z.jpg,0.4350576400756836
15091650494_d8a5f37637_z.jpg,0.36178040504455566
48901634_c792cbab58_z.jpg,0.37778806686401367
8265517869_53c5fb3eff_z.jpg,0.3666989803314209
19309035192_8666b8c4e2_z.jpg,0.42707109451293945
16658372825_affc436763_z.jpg,0.3350083827972412
2709706154_32ff27825a_z.jpg,0.4032139778137207
2788056049_b71f8998c7_z.jpg,0.39551615715026855
1570552254_fcac0be216_z.jpg,0.3795919418334961
9444094315_ba610ed94a_z.jpg,0.3772392272949219
14786765330_5d381d2451_z.jpg,0.424835205078125
14584923986_debd346d81_z.jpg,0.5466716289520264
