9478594118_5861e54c87_z.jpg,0.6571731567382812
5466970559_0f7b06bcd6_z.jpg,0.014190912246704102
1908136167_cae3414e7e_z.jpg,0.01502227783203125
15333662010_2f428f7e2f_z.jpg,0.015401840209960938
528252616_a57e6257ff_z.jpg,0.01431894302368164
9549882142_c59c04bac0_z.jpg,0.014452457427978516
1229448893_42c357ea12_z.jpg,0.013979673385620117
19577109682_a0282d8678_z.jpg,0.016277551651000977
738798561_2d54b53ec5_z.jpg,0.013589859008789062
3312304999_bc296f3260_z.jpg,0.012882709503173828
14811525368_d8b774e40a_z.jpg,0.01490330696105957
7283869010_60b2e311b5_z.jpg,0.01539301872253418
3141821008_3743fb8be5_z.jpg,0.016507863998413086
11132512636_ebb3a6a070_z.jpg,0.01529836654663086
8634899263_5ce2555806_z.jpg,0.015485763549804688
16850385890_8105762655_z.jpg,0.01583123207092285
7664570690_6ab2f0ab5d_z.jpg,0.013413429260253906
4728907141_f9e5aa4bce_z.jpg,0.015345335006713867
104222040_c20f16bbc0_z.jpg,0.015239953994750977
16104664631_cce4a9a58c_z.jpg,0.014510631561279297
4728907141_f9e5aa4bce_z.jpg,0.015711069107055664
6723753569_a1d8678cde_z.jpg,0.014413118362426758
2999108747_2b1e0ac45f_z.jpg,0.013813257217407227
2258982401_762044a41d_z.jpg,0.014245033264160156
5974549533_83d56b822d_z.jpg,0.01497960090637207
3747524_f07f508ba9_z.jpg,0.020246267318725586
14265143426_0770389597_z.jpg,0.015583038330078125
7035751851_15d745cf2c_z.jpg,0.014853715896606445
2468082692_49ec682990_z.jpg,0.015619039535522461
9057859369_5a432fdfe1_z.jpg,0.015514850616455078
31792151_e1e4c47427_z.jpg,0.014991521835327148
15617633365_316afedb8d_z.jpg,0.015384674072265625
5402229494_570e48f7f9_z.jpg,0.013637065887451172
6499183869_45bb8908c3_z.jpg,0.01351022720336914
1229448893_42c357ea12_z.jpg,0.013651132583618164
5826499075_8c91ec270b_z.jpg,0.014815568923950195
11381011104_36225e2ccc_z.jpg,0.017081260681152344
15071673457_0703cea442_z.jpg,0.01581430435180664
3312304999_bc296f3260_z.jpg,0.012758255004882812
9201197273_a98cb719f5_z.jpg,0.014978408813476562
319365750_c6ecd7afbc_z.jpg,0.013702392578125
2370036280_507a07c953_z.jpg,0.013004064559936523
6455179889_6db5a93bfa_z.jpg,0.013604164123535156
5516505342_43268015f4_z.jpg,0.013624191284179688
6985531639_71621c1e69_z.jpg,0.012297630310058594
5007439610_5bb351fc1f_z.jpg,0.012993335723876953
7475018518_6c715a96c1_z.jpg,0.013479948043823242
2177634493_51ca0597e2_z.jpg,0.015940427780151367
2206074222_69cc088500_z.jpg,0.013794898986816406
5594762666_e157f338f0_z.jpg,0.014966964721679688
5333910985_ea4e62f651_z.jpg,0.016974687576293945
235979174_fcd7ef1374_z.jpg,0.01562809944152832
15196353300_2dcb1a1948_z.jpg,0.014455080032348633
2522213440_edbcb5ba05_z.jpg,0.013468503952026367
8526465743_29a9320d16_z.jpg,0.015404701232910156
15235483580_08696e0988_z.jpg,0.016440868377685547
12041194676_da91e0d068_z.jpg,0.013335943222045898
144429519_9567ff4044_z.jpg,0.013046026229858398
6062750656_89284163db_z.jpg,0.014093160629272461
8744937858_81c17befae_z.jpg,0.01474142074584961
16278721974_968bd6bbcf_z.jpg,0.01470184326171875
5877731495_29cc1a6c57_z.jpg,0.013233661651611328
15333662010_2f428f7e2f_z.jpg,0.014162063598632812
3197300261_4e5e9c5e3e_z.jpg,0.01440882682800293
159051371_77f7d02bb6_z.jpg,0.014550447463989258
3446761063_9cdc26f36c_z.jpg,0.015049934387207031
219320127_ff9873aaf5_z.jpg,0.013504505157470703
2709706154_32ff27825a_z.jpg,0.014910221099853516
8183126241_e78c7f86ba_z.jpg,0.013298273086547852
2167290248_1ac3cbd890_z.jpg,0.01772594451904297
6141562070_11880edf2e_z.jpg,0.013743162155151367
4484760806_dc814d2ce2_z.jpg,0.013946533203125
4349979920_189df35e15_z.jpg,0.01606583595275879
2718097307_1fb900f17a_z.jpg,0.015630245208740234
19577109682_a0282d8678_z.jpg,0.017030000686645508
3676100181_dc21ca177f_z.jpg,0.01633310317993164
4444608672_0fa9174b62_z.jpg,0.01705312728881836
340359612_df41037e73_z.jpg,0.014673709869384766
4597825116_8ec71a76cf_z.jpg,0.01562809944152832
14584923986_debd346d81_z.jpg,0.01562356948852539
9372235876_d7d69f1790_z.jpg,0.014806747436523438
3360078465_de3ceaa137_z.jpg,0.013563871383666992
11983632613_4efcf5f3d3_z.jpg,0.014844179153442383
2179537346_d695661bbc_z.jpg,0.016299962997436523
8960442702_6c931904f0_z.jpg,0.015237808227539062
6771874127_f8f380b3cb_z.jpg,0.014466285705566406
4444608672_0fa9174b62_z.jpg,0.016189098358154297
104222040_c20f16bbc0_z.jpg,0.01696157455444336
20646999908_c3400d3ef6_z.jpg,0.014754056930541992
3353007655_56889b94a7_z.jpg,0.015107154846191406
7019541657_00e6c7a645_z.jpg,0.013949394226074219
2370036280_507a07c953_z.jpg,0.013384103775024414
11101898274_dcf6061b20_z.jpg,0.014089822769165039
235979174_fcd7ef1374_z.jpg,0.015067815780639648
138805025_80da2e3a82_z.jpg,0.01802968978881836
3141821008_3743fb8be5_z.jpg,0.016716718673706055
14409775264_5b589b56b4_z.jpg,0.015163898468017578
5099996575_32762aeb7f_z.jpg,0.014377117156982422
750912399_32f415ecb1_z.jpg,0.016489267349243164
19299023856_077e45c472_z.jpg,0.015108346939086914
15837810787_14c16de452_z.jpg,0.014621496200561523
2553120516_dd48754dc4_z.jpg,0.013020038604736328
2883059364_a6ccfaf69a_z.jpg,0.016663312911987305
9549882142_c59c04bac0_z.jpg,0.01493525505065918
8488918795_f8ba7dabb6_z.jpg,0.015084266662597656
6098643678_fc8044b5ac_z.jpg,0.013794898986816406
5490854064_57151abb4f_z.jpg,0.013238668441772461
5333910985_ea4e62f651_z.jpg,0.014321565628051758
2277306387_af18b2096e_z.jpg,0.01438450813293457
5298850167_d1e13e9551_z.jpg,0.01441812515258789
19030996840_1fbbb14eeb_z.jpg,0.014795303344726562
5826499075_8c91ec270b_z.jpg,0.014477014541625977
5466970559_0f7b06bcd6_z.jpg,0.013682365417480469
3446761063_9cdc26f36c_z.jpg,0.013906717300415039
4370423313_49f3722e85_z.jpg,0.015907764434814453
3197300261_4e5e9c5e3e_z.jpg,0.01574087142944336
3685504815_c15a389bd3_z.jpg,0.01754903793334961
4901520304_aa5c10705e_z.jpg,0.01641058921813965
8591221048_8fe555a40c_z.jpg,0.015335321426391602
8031274301_1d9bc9b665_z.jpg,0.013202190399169922
202416281_527efb7418_z.jpg,0.014681339263916016
11132512636_ebb3a6a070_z.jpg,0.015070199966430664
5516505342_43268015f4_z.jpg,0.013994693756103516
82706249_bf54b24c4e_z.jpg,0.01271367073059082
1229448893_42c357ea12_z.jpg,0.013019084930419922
7163490183_0dff14b5d6_z.jpg,0.012671709060668945
7928462126_bb6f3a98bf_z.jpg,0.01331639289855957
3360078465_de3ceaa137_z.jpg,0.012549877166748047
2215395014_24a2f8184c_z.jpg,0.014652013778686523
4730790029_bdc24fcb8c_z.jpg,0.013108968734741211
7581740758_a1c5cf246e_z.jpg,0.012872695922851562
3446761063_9cdc26f36c_z.jpg,0.013284921646118164
7675033952_b3caa0dd37_z.jpg,0.015457868576049805
506974894_b74672813b_z.jpg,0.013900041580200195
7110476047_267467ee68_z.jpg,0.014859437942504883
2167290248_1ac3cbd890_z.jpg,0.014163494110107422
19309035192_8666b8c4e2_z.jpg,0.013797521591186523
5402229494_570e48f7f9_z.jpg,0.013307809829711914
9031823026_3e55960d76_z.jpg,0.013891458511352539
2277306387_af18b2096e_z.jpg,0.013862848281860352
3812603979_2102c37672_z.jpg,0.014749765396118164
15584457029_80b75274db_z.jpg,0.013494253158569336
6100259603_28a9794ed5_z.jpg,0.013774633407592773
14289042367_a041af95f4_z.jpg,0.013925552368164062
144429519_9567ff4044_z.jpg,0.014150142669677734
144429519_9567ff4044_z.jpg,0.014838457107543945
3850147043_06970bc680_z.jpg,0.01723933219909668
2177634493_51ca0597e2_z.jpg,0.016192197799682617
12570366253_52905ec5a1_z.jpg,0.013647794723510742
14507981482_c50d893620_z.jpg,0.015349149703979492
3685504815_c15a389bd3_z.jpg,0.014106512069702148
19299023856_077e45c472_z.jpg,0.01459503173828125
9573099282_bbc0b12c70_z.jpg,0.014199495315551758
8289650934_506c73242a_z.jpg,0.014997005462646484
4030862073_d697f506b0_z.jpg,0.017547607421875
2883059364_a6ccfaf69a_z.jpg,0.01585698127746582
5816846412_7b6fa97da0_z.jpg,0.014271736145019531
15038212434_9e0e575008_z.jpg,0.015497207641601562
9201197273_a98cb719f5_z.jpg,0.014609575271606445
204668081_9bb000df17_z.jpg,0.015610933303833008
14584923986_debd346d81_z.jpg,0.014607906341552734
5048937296_7c707f1d71_z.jpg,0.013589859008789062
2814480856_385049d567_z.jpg,0.014178991317749023
3666190087_ca2fb0d709_z.jpg,0.015089988708496094
4730790029_bdc24fcb8c_z.jpg,0.014235496520996094
7192116992_5447de0caa_z.jpg,0.014891862869262695
2166320847_63a04a9303_z.jpg,0.014521121978759766
33580840_a67c2b796a_z.jpg,0.014388561248779297
6431153899_9ac59a36b4_z.jpg,0.015256881713867188
3679100484_a8e3044e55_z.jpg,0.014969348907470703
14409775264_5b589b56b4_z.jpg,0.014593839645385742
14711690133_019fe56eb5_z.jpg,0.014355897903442383
4941417139_1608ab2596_z.jpg,0.01358342170715332
1110261834_4068e20626_z.jpg,0.012601137161254883
4083309359_020d325f73_z.jpg,0.012832403182983398
2787764752_0277f5bbb2_z.jpg,0.013504743576049805
5021039430_0cda148fd5_z.jpg,0.013151884078979492
9372235876_d7d69f1790_z.jpg,0.013514518737792969
4730790029_bdc24fcb8c_z.jpg,0.012704610824584961
20959877010_552298f5f8_z.jpg,0.013518571853637695
8922688952_9cacbffe29_z.jpg,0.014204978942871094
7110476047_267467ee68_z.jpg,0.014884710311889648
5540859766_5596c9c59e_z.jpg,0.01331329345703125
12041194676_da91e0d068_z.jpg,0.012472391128540039
340359612_df41037e73_z.jpg,0.01363825798034668
15983066535_629c335c63_z.jpg,0.012839555740356445
20843800936_edcdd89338_z.jpg,0.017579317092895508
5763085728_cd042a4cb0_z.jpg,0.016558408737182617
4349979920_189df35e15_z.jpg,0.0156862735748291
4743123794_5c502eaee7_z.jpg,0.01326894760131836
2538610337_8cbdfed59e_z.jpg,0.016223669052124023
2468082692_49ec682990_z.jpg,0.015312910079956055
81717243_2c9fcf3dab_z.jpg,0.014680862426757812
16954781749_4c32123444_z.jpg,0.013056516647338867
19030996840_1fbbb14eeb_z.jpg,0.015585660934448242
2788056049_b71f8998c7_z.jpg,0.013679265975952148
8031274301_1d9bc9b665_z.jpg,0.012827873229980469
9057859369_5a432fdfe1_z.jpg,0.014567852020263672
3499391979_76c0c01a3c_z.jpg,2.3370845317840576
8125475_d0a1063029_z.jpg,0.4820380210876465
4975505027_db5864977d_z.jpg,0.45101475715637207
6168484879_e6b9644722_z.jpg,0.417407751083374
7548613890_a6272237ac_z.jpg,0.4458892345428467
2215395014_24a2f8184c_z.jpg,0.49599266052246094
6098643678_fc8044b5ac_z.jpg,0.4229602813720703
15617633365_316afedb8d_z.jpg,0.6137588024139404
3157735385_c9e7580f03_z.jpg,0.46118855476379395
159051371_77f7d02bb6_z.jpg,0.522580623626709
5753318048_1cde42cb1f_z.jpg,0.5183510780334473
17554656478_22dea58ed2_z.jpg,0.4023876190185547
8773393046_236298c465_z.jpg,0.4302082061767578
2179537346_d695661bbc_z.jpg,0.41144442558288574
296513213_9681371ed9_z.jpg,0.41984033584594727
4122228889_3b69997e0c_z.jpg,0.4705979824066162
6985531639_71621c1e69_z.jpg,0.4102602005004883
15333662010_2f428f7e2f_z.jpg,0.4774641990661621
5425389979_390e3f3881_z.jpg,0.4525794982910156
15543230406_71c5a59208_z.jpg,0.45878100395202637
2392419690_8495e2b2c9_z.jpg,0.4667935371398926
14628257582_1ff5e98e4c_z.jpg,0.37844395637512207
1229448893_42c357ea12_z.jpg,0.3914060592651367
4349979920_189df35e15_z.jpg,0.4384891986846924
4484760806_dc814d2ce2_z.jpg,0.4017491340637207
8132134109_24eaa95e21_z.jpg,0.3650472164154053
4991188769_8642331e2c_z.jpg,0.4275937080383301
2218544892_0ae9cb42da_z.jpg,0.4559507369995117
2718097307_1fb900f17a_z.jpg,0.43973731994628906
33580840_a67c2b796a_z.jpg,0.5156748294830322
18068160735_6c2f214265_z.jpg,0.44036221504211426
3290610375_c742148226_z.jpg,0.4173283576965332
7475018518_6c715a96c1_z.jpg,0.4262964725494385
2538610337_8cbdfed59e_z.jpg,0.5845775604248047
104222040_c20f16bbc0_z.jpg,0.4755237102508545
16433605163_8c9393beb1_z.jpg,0.49701976776123047
528252616_a57e6257ff_z.jpg,0.45287179946899414
80536950_5993089209_z.jpg,0.46357226371765137
211850545_7f670901ab_z.jpg,0.4609658718109131
432591931_4789d0f0f1_z.jpg,0.4481983184814453
5827517048_a890acd7e6_z.jpg,0.41855287551879883
16679943419_b0fd9b6858_z.jpg,0.4329836368560791
6168484879_e6b9644722_z.jpg,0.43338441848754883
12041194676_da91e0d068_z.jpg,0.4248178005218506
14351072751_334621d203_z.jpg,0.474027156829834
7664570690_6ab2f0ab5d_z.jpg,0.47652220726013184
541124874_7247349bb7_z.jpg,0.3893105983734131
414586991_9630094229_z.jpg,0.5137555599212646
7492624590_e473685314_z.jpg,0.6049761772155762
4730790029_bdc24fcb8c_z.jpg,0.41533589363098145
5594762666_e157f338f0_z.jpg,0.39069223403930664
6985531639_71621c1e69_z.jpg,0.401531457901001
17594682014_fcd2ac5ca3_z.jpg,0.4647202491760254
5093076088_7bc77ec199_z.jpg,0.4542350769042969
5605719660_5bed05cca3_z.jpg,0.43071556091308594
6459633873_5effb4b6e5_z.jpg,0.38549113273620605
1134141407_0254c76c4d_z.jpg,0.36798882484436035
8634899263_5ce2555806_z.jpg,0.4312937259674072
2370036280_507a07c953_z.jpg,0.413806676864624
14711690133_019fe56eb5_z.jpg,0.4287230968475342
5652496789_70e6f301e9_z.jpg,0.42954206466674805
6111783458_61cc1f0f88_z.jpg,0.3814668655395508
11983632613_4efcf5f3d3_z.jpg,0.38575005531311035
2206074222_69cc088500_z.jpg,0.39742541313171387
2784964324_0b0373fd24_z.jpg,0.4370434284210205
2709706154_32ff27825a_z.jpg,0.470156192779541
2946145533_75f5268f19_z.jpg,0.4416811466217041
1428837563_12ec867e05_z.jpg,0.4346170425415039
9478594118_5861e54c87_z.jpg,0.4426839351654053
2468082692_49ec682990_z.jpg,0.43109631538391113
4386974407_c2915fa9b1_z.jpg,0.4526243209838867
234597792_a9f1e7e7a9_z.jpg,0.39012622833251953
9444094315_ba610ed94a_z.jpg,0.40539002418518066
2277306387_af18b2096e_z.jpg,0.48285698890686035
8538565946_199e28b584_z.jpg,0.5425677299499512
5575004957_c281c5de1f_z.jpg,0.4368288516998291
2553120516_dd48754dc4_z.jpg,0.401961088180542
3604271495_1cacccec06_z.jpg,0.41636013984680176
20795376805_7d3aabfce1_z.jpg,0.38370561599731445
14811525368_d8b774e40a_z.jpg,0.41123342514038086
8349516772_6928ba8b88_z.jpg,0.4540097713470459
1229448893_42c357ea12_z.jpg,0.4082465171813965
8744937858_81c17befae_z.jpg,0.4215714931488037
11335325886_75cf456ea8_z.jpg,0.5503616333007812
3582713912_3d9ac5ecc9_z.jpg,0.48896121978759766
19309035192_8666b8c4e2_z.jpg,0.4532814025878906
5516505342_43268015f4_z.jpg,0.4425027370452881
15235483580_08696e0988_z.jpg,0.4105949401855469
15516450642_4fffe9be37_z.jpg,0.6395821571350098
7782123174_dbda292cef_z.jpg,0.49649906158447266
8031274301_1d9bc9b665_z.jpg,0.4099557399749756
890847666_ec8eaecf88_z.jpg,0.4625420570373535
5298849761_aeeed1a3f9_z.jpg,0.4032778739929199
1980856023_6049619444_z.jpg,0.4733450412750244
16658372825_affc436763_z.jpg,0.369884729385376
1134141407_0254c76c4d_z.jpg,0.3890645503997803
15589191923_99889a9f83_z.jpg,0.43547701835632324
2218544892_0ae9cb42da_z.jpg,0.4463517665863037
14757587416_892a95bf77_z.jpg,0.35756874084472656
5753318048_1cde42cb1f_z.jpg,0.47102808952331543
2788056049_b71f8998c7_z.jpg,0.47031545639038086
8591221048_8fe555a40c_z.jpg,0.4281744956970215
252889263_3cf2d57f34_z.jpg,0.4463367462158203
8125475_d0a1063029_z.jpg,0.4663097858428955
6111783458_61cc1f0f88_z.jpg,0.4203059673309326
5877730305_f5e3d13667_z.jpg,0.46220922470092773
5763085728_cd042a4cb0_z.jpg,0.4576132297515869
4728907141_f9e5aa4bce_z.jpg,0.5315301418304443
5381237016_f49e86b880_z.jpg,0.35778164863586426
3069852951_85b984b709_z.jpg,0.4784200191497803
6459633873_5effb4b6e5_z.jpg,0.41792869567871094
258460789_c4baeb300a_z.jpg,0.45746374130249023
15392489891_905432249f_z.jpg,0.42791080474853516
5484042252_37ce385b5f_z.jpg,0.4707753658294678
3959888385_3580cd572c_z.jpg,0.4669380187988281
2040136228_41c284c2cb_z.jpg,0.481306791305542
7782123174_dbda292cef_z.jpg,0.46812915802001953
422908475_7be8fe7338_z.jpg,0.5427608489990234
5652496789_70e6f301e9_z.jpg,0.3952147960662842
8523144329_569f1781b3_z.jpg,0.5275876522064209
9573099282_bbc0b12c70_z.jpg,0.4625537395477295
15490190390_d64fe16141_z.jpg,0.4237816333770752
15071673457_0703cea442_z.jpg,0.4165623188018799
5540859766_5596c9c59e_z.jpg,0.48374176025390625
11709285374_bbb0e09e4e_z.jpg,0.45044565200805664
18068160735_6c2f214265_z.jpg,0.46294355392456055
5387089136_efcdc42456_z.jpg,0.4397411346435547
5210291488_fe9939bdf1_z.jpg,0.37421703338623047
5877731495_29cc1a6c57_z.jpg,0.41959261894226074
8265517869_53c5fb3eff_z.jpg,0.466310977935791
2040136228_41c284c2cb_z.jpg,0.5250887870788574
9002629162_51388d1396_z.jpg,0.4457578659057617
14786765330_5d381d2451_z.jpg,0.47655606269836426
3850147043_06970bc680_z.jpg,0.5003259181976318
9549882142_c59c04bac0_z.jpg,0.40372419357299805
5974549533_83d56b822d_z.jpg,0.4338722229003906
2177230709_086e9d23d8_z.jpg,0.4291250705718994
2784964324_0b0373fd24_z.jpg,0.4481208324432373
9573099282_bbc0b12c70_z.jpg,0.5151660442352295
296513213_9681371ed9_z.jpg,0.4280283451080322
3409776362_07a8bb7f17_z.jpg,0.5518279075622559
8526465743_29a9320d16_z.jpg,0.694403886795044
8265517869_53c5fb3eff_z.jpg,0.4184896945953369
4479906928_4ab0604d1c_z.jpg,0.44634032249450684
5007439610_5bb351fc1f_z.jpg,0.4907844066619873
5333910985_ea4e62f651_z.jpg,0.4922184944152832
6835338988_c013b40c94_z.jpg,0.458526611328125
8572756223_94130c5e61_z.jpg,0.531691312789917
8032610600_1dd81d41a4_z.jpg,0.46530842781066895
14507981482_c50d893620_z.jpg,0.5400311946868896
6098643678_fc8044b5ac_z.jpg,0.41495251655578613
81717243_2c9fcf3dab_z.jpg,0.5202138423919678
6431153899_9ac59a36b4_z.jpg,0.4543023109436035
9157606630_2ef852a3ee_z.jpg,0.4276847839355469
432591931_4789d0f0f1_z.jpg,0.5054666996002197
3069852951_85b984b709_z.jpg,0.46492576599121094
5021039430_0cda148fd5_z.jpg,0.46259474754333496
19299023856_077e45c472_z.jpg,0.4057424068450928
219320127_ff9873aaf5_z.jpg,0.4856414794921875
2522213440_edbcb5ba05_z.jpg,0.44994306564331055
235979174_fcd7ef1374_z.jpg,0.49742674827575684
890847666_ec8eaecf88_z.jpg,0.5238790512084961
81717243_2c9fcf3dab_z.jpg,0.5051851272583008
6431185703_6c72dd7b5e_z.jpg,0.4136650562286377
31792151_e1e4c47427_z.jpg,0.456157922744751
506974894_b74672813b_z.jpg,0.45894908905029297
19283436_772222a19e_z.jpg,0.4829268455505371
7192116992_5447de0caa_z.jpg,0.4748551845550537
6062750656_89284163db_z.jpg,0.4779057502746582
15083791924_c7195faca3_z.jpg,0.4681355953216553
5298850167_d1e13e9551_z.jpg,0.5191102027893066
14652913468_5d3b2a39f1_z.jpg,0.4716637134552002
2433290346_8482cac895_z.jpg,0.4271831512451172
4349979920_189df35e15_z.jpg,0.4576842784881592
9157606630_2ef852a3ee_z.jpg,0.46899867057800293
20959877010_552298f5f8_z.jpg,0.4056379795074463
3968015804_ac83717a19_z.jpg,0.508948564529419
7664570690_6ab2f0ab5d_z.jpg,0.4874720573425293
2433290346_8482cac895_z.jpg,0.45700693130493164
6076857457_7a06e6ab35_z.jpg,0.5285196304321289
3069852951_85b984b709_z.jpg,0.48157382011413574
5316877862_ccdebd50e5_z.jpg,0.40902137756347656
1511658057_17b7bac11a_z.jpg,0.42591309547424316
4597825116_8ec71a76cf_z.jpg,0.47083377838134766
319365750_c6ecd7afbc_z.jpg,0.48620080947875977
51712355_49c2e95899_z.jpg,0.48088502883911133
541124874_7247349bb7_z.jpg,0.4885067939758301
7035751851_15d745cf2c_z.jpg,0.5720236301422119
19577109682_a0282d8678_z.jpg,0.4970571994781494
677743874_168dcb5ed1_z.jpg,0.4590165615081787
11709285374_bbb0e09e4e_z.jpg,0.5354132652282715
7548613890_a6272237ac_z.jpg,0.5020229816436768
4231227841_3821544fe1_z.jpg,0.61029052734375
2784964324_0b0373fd24_z.jpg,0.4806511402130127
8874948232_195679aa4e_z.jpg,0.4128870964050293
2553120516_dd48754dc4_z.jpg,0.43431949615478516
4763265058_6c6dbb9abe_z.jpg,0.44176292419433594
14584923986_debd346d81_z.jpg,0.70145583152771
4467873253_2ce7540d62_z.jpg,0.4487793445587158
15782459318_437c57f515_z.jpg,0.45032238960266113
6924362656_d86bedc2e4_z.jpg,0.47820425033569336
13314143603_95d63b5748_z.jpg,0.46644043922424316
319365750_c6ecd7afbc_z.jpg,0.48096203804016113
6816985831_893d039421_z.jpg,0.40163230895996094
258460789_c4baeb300a_z.jpg,0.48981571197509766
15038212434_9e0e575008_z.jpg,0.6173858642578125
8526465743_29a9320d16_z.jpg,0.5826659202575684
2883059364_a6ccfaf69a_z.jpg,0.5290343761444092
2883059364_a6ccfaf69a_z.jpg,0.47771310806274414
4065552857_98aa8a39d4_z.jpg,0.42246460914611816
2392419690_8495e2b2c9_z.jpg,0.5329201221466064
4370423313_49f3722e85_z.jpg,0.46987175941467285
2136213674_4e484d88e3_z.jpg,0.46572232246398926
2525539133_73f08a9471_z.jpg,0.42544054985046387
2230295891_a68077f047_z.jpg,0.4502556324005127
4730790029_bdc24fcb8c_z.jpg,0.4276101589202881
3291298501_9a8eed3fa0_z.jpg,0.4474177360534668
105398161_799ded9b2a_z.jpg,0.46764445304870605
3283350420_d2b4b8fef3_z.jpg,0.4343268871307373
11983632613_4efcf5f3d3_z.jpg,0.37996768951416016
16789366715_633121f7bb_z.jpg,0.43704986572265625
6098643678_fc8044b5ac_z.jpg,0.4410817623138428
3844809782_aa1ce17781_z.jpg,0.4974656105041504
319365750_c6ecd7afbc_z.jpg,0.46770381927490234
7475018518_6c715a96c1_z.jpg,0.4087715148925781
3452990622_cfb5fba34a_z.jpg,0.48296117782592773
2040136228_41c284c2cb_z.jpg,0.48966240882873535
16789366715_633121f7bb_z.jpg,0.4775102138519287
6141562070_11880edf2e_z.jpg,0.4362916946411133
5594762666_e157f338f0_z.jpg,0.4214358329772949
15490190390_d64fe16141_z.jpg,0.425689697265625
9444094315_ba610ed94a_z.jpg,0.44460511207580566
4728907141_f9e5aa4bce_z.jpg,0.5156459808349609
5594762666_e157f338f0_z.jpg,0.4365532398223877
7492624590_e473685314_z.jpg,0.6417996883392334
159051371_77f7d02bb6_z.jpg,0.4312021732330322
16599186017_25f46b7511_z.jpg,0.6419367790222168
5763085728_cd042a4cb0_z.jpg,0.4068598747253418
5575004957_c281c5de1f_z.jpg,0.4906327724456787
8744937858_81c17befae_z.jpg,0.400418758392334
3582713912_3d9ac5ecc9_z.jpg,0.4785335063934326
2258982401_762044a41d_z.jpg,0.4870896339416504
2468082692_49ec682990_z.jpg,0.4793577194213867
3844809782_aa1ce17781_z.jpg,0.4684603214263916
6835338988_c013b40c94_z.jpg,0.43871450424194336
4083309359_020d325f73_z.jpg,0.43526291847229004
3844809782_aa1ce17781_z.jpg,0.46466565132141113
7664570690_6ab2f0ab5d_z.jpg,0.45647144317626953
3666190087_ca2fb0d709_z.jpg,0.47687768936157227
2534669669_0c1d10c3e6_z.jpg,0.47572851181030273
12988804124_bbea6d94c0_z.jpg,0.4526400566101074
2230295891_a68077f047_z.jpg,0.40723180770874023
7110476047_267467ee68_z.jpg,0.4431917667388916
13073061203_f7d640a8b3_z.jpg,0.4225742816925049
6117174227_6e5da0556b_z.jpg,0.42354559898376465
5974549533_83d56b822d_z.jpg,0.41988635063171387
51712355_49c2e95899_z.jpg,0.4290354251861572
6499183869_45bb8908c3_z.jpg,0.43271684646606445
5971377496_abc7d794c7_z.jpg,0.4580361843109131
8399932836_19c21d3779_z.jpg,0.5191984176635742
361146297_ca9b5c8799_z.jpg,0.46541333198547363
4122228889_3b69997e0c_z.jpg,0.4542875289916992
2215395014_24a2f8184c_z.jpg,0.5360581874847412
6111783458_61cc1f0f88_z.jpg,0.4014863967895508
1908136167_cae3414e7e_z.jpg,0.41600704193115234
1240686712_fbccf26b7f_z.jpg,0.4190056324005127
3747524_f07f508ba9_z.jpg,0.5026483535766602
5316877862_ccdebd50e5_z.jpg,0.4013092517852783
3632975096_ec47d16f37_z.jpg,0.49618005752563477
6117174227_6e5da0556b_z.jpg,0.43019938468933105
84410494_ab268290cf_z.jpg,0.4713478088378906
9573099282_bbc0b12c70_z.jpg,0.4743802547454834
16679943419_b0fd9b6858_z.jpg,0.45206642150878906
15038212434_9e0e575008_z.jpg,0.6070659160614014
16433605163_8c9393beb1_z.jpg,0.4765787124633789
8183126241_e78c7f86ba_z.jpg,0.43187713623046875
6455179889_6db5a93bfa_z.jpg,0.49092960357666016
892497288_b916ec820e_z.jpg,0.4826679229736328
5333910985_ea4e62f651_z.jpg,0.45244336128234863
4479906928_4ab0604d1c_z.jpg,0.4949793815612793
7166182137_a5679c9fa4_z.jpg,0.41324281692504883
432591931_4789d0f0f1_z.jpg,0.4900491237640381
9688658716_4b3e9c618c_z.jpg,0.4031965732574463
14652913468_5d3b2a39f1_z.jpg,0.48759961128234863
4231227841_3821544fe1_z.jpg,0.5462720394134521
8464801471_b2b61acc7b_z.jpg,0.41223669052124023
224422461_dddd4c8e99_z.jpg,0.4950129985809326
8744937858_81c17befae_z.jpg,0.40242624282836914
2166320847_63a04a9303_z.jpg,0.42141270637512207
225687978_713319e6c1_z.jpg,0.4216282367706299
2538610337_8cbdfed59e_z.jpg,0.568244218826294
3844809782_aa1ce17781_z.jpg,0.4543004035949707
2522213440_edbcb5ba05_z.jpg,0.4234890937805176
2667833832_bf9ddddac5_z.jpg,0.4480016231536865
15196353300_2dcb1a1948_z.jpg,0.4168076515197754
5336089950_d2f4618519_z.jpg,0.38534069061279297
5516505342_43268015f4_z.jpg,0.44782471656799316
3895919953_9ba2530425_z.jpg,0.4220852851867676
8922688952_9cacbffe29_z.jpg,0.4023277759552002
3353007655_56889b94a7_z.jpg,0.46935272216796875
19030996840_1fbbb14eeb_z.jpg,0.6183328628540039
18608021442_84f7dcfa5c_z.jpg,0.4271810054779053
5484042252_37ce385b5f_z.jpg,0.46984267234802246
2522213440_edbcb5ba05_z.jpg,0.39700889587402344
6168484879_e6b9644722_z.jpg,0.4137856960296631
9132297449_f27a6b1a45_z.jpg,0.5673263072967529
36110689_9cbbccb36a_z.jpg,0.5065369606018066
2718097307_1fb900f17a_z.jpg,0.4027395248413086
4018061968_3e03b2e96f_z.jpg,0.4888145923614502
138805025_80da2e3a82_z.jpg,0.4693319797515869
3499391979_76c0c01a3c_z.jpg,0.45773887634277344
15237426722_a51d199f2f_z.jpg,0.5009984970092773
138805025_80da2e3a82_z.jpg,0.45464181900024414
19030996840_1fbbb14eeb_z.jpg,0.5857217311859131
3685504815_c15a389bd3_z.jpg,0.43929576873779297
432591931_4789d0f0f1_z.jpg,0.48537135124206543
7270802858_c6e2b115e4_z.jpg,0.6193089485168457
3632975096_ec47d16f37_z.jpg,0.472944974899292
16675918410_cc9588a553_z.jpg,0.35651159286499023
412652687_4d6cb46129_z.jpg,0.4523000717163086
16086668084_0d1665cda4_z.jpg,0.5426290035247803
11335325886_75cf456ea8_z.jpg,0.5794064998626709
9002629162_51388d1396_z.jpg,0.4437525272369385
2177230709_086e9d23d8_z.jpg,0.41207146644592285
16107639462_07e2d4455d_z.jpg,0.4163944721221924
5549228224_a42f7d5300_z.jpg,0.4232304096221924
51712355_49c2e95899_z.jpg,0.43949007987976074
361146297_ca9b5c8799_z.jpg,0.44980859756469727
4743123794_5c502eaee7_z.jpg,0.41517162322998047
5652496789_70e6f301e9_z.jpg,0.4267117977142334
2525539133_73f08a9471_z.jpg,0.4190089702606201
82706249_bf54b24c4e_z.jpg,0.28676867485046387
6924362656_d86bedc2e4_z.jpg,0.44731760025024414
528252616_a57e6257ff_z.jpg,0.45192980766296387
3372528428_1fdbd7e39c_z.jpg,0.4781026840209961
6113997729_5f5ac02209_z.jpg,0.4725325107574463
82706249_bf54b24c4e_z.jpg,0.3044755458831787
2525539133_73f08a9471_z.jpg,0.4317166805267334
1240686712_fbccf26b7f_z.jpg,0.39523887634277344
6168484879_e6b9644722_z.jpg,0.42136120796203613
7742706992_27215ef7f8_z.jpg,0.41409969329833984
13314143603_95d63b5748_z.jpg,0.4868443012237549
6117174227_6e5da0556b_z.jpg,0.40151023864746094
7035751851_15d745cf2c_z.jpg,0.4772799015045166
16107639462_07e2d4455d_z.jpg,0.39881253242492676
5340010485_edeaa88c83_z.jpg,0.4827132225036621
5575004957_c281c5de1f_z.jpg,0.47958850860595703
16106543870_2f167db1e1_z.jpg,0.4555788040161133
5402229494_570e48f7f9_z.jpg,0.4300720691680908
2169952827_05bddc305e_z.jpg,0.4361085891723633
2592416858_f849d2ac8f_z.jpg,0.4622161388397217
6835338988_c013b40c94_z.jpg,0.4400486946105957
7110476047_267467ee68_z.jpg,0.4597499370574951
6459633873_5effb4b6e5_z.jpg,0.39893221855163574
6111783458_61cc1f0f88_z.jpg,0.4192945957183838
2746929519_3599d54cfb_z.jpg,0.47713446617126465
4226351112_a6f67d031e_z.jpg,0.4613831043243408
3291298501_9a8eed3fa0_z.jpg,0.4289979934692383
5877730305_f5e3d13667_z.jpg,0.40518879890441895
13314143603_95d63b5748_z.jpg,0.47476744651794434
2814480856_385049d567_z.jpg,0.46634912490844727
5093076088_7bc77ec199_z.jpg,0.46062159538269043
3595778703_d3bec2f74e_z.jpg,0.45264649391174316
3413987789_b607473327_z.jpg,0.4571080207824707
3895919953_9ba2530425_z.jpg,0.42832303047180176
4597825116_8ec71a76cf_z.jpg,0.45768189430236816
7110476047_267467ee68_z.jpg,0.4349186420440674
4728907141_f9e5aa4bce_z.jpg,0.47693347930908203
19299023856_077e45c472_z.jpg,0.3875300884246826
5763085728_cd042a4cb0_z.jpg,0.42577266693115234
6816985831_893d039421_z.jpg,0.4183385372161865
892497288_b916ec820e_z.jpg,0.49720239639282227
8343384446_ebe3bc86ce_z.jpg,0.5844213962554932
5099996575_32762aeb7f_z.jpg,0.478801965713501
8343384446_ebe3bc86ce_z.jpg,0.615459680557251
14652913468_5d3b2a39f1_z.jpg,0.44611144065856934
201365540_d1af73d7cd_z.jpg,0.48777031898498535
5763085728_cd042a4cb0_z.jpg,0.42866063117980957
8289650934_506c73242a_z.jpg,0.5647749900817871
7548613890_a6272237ac_z.jpg,0.4776432514190674
14507981482_c50d893620_z.jpg,0.4852762222290039
5298849761_aeeed1a3f9_z.jpg,0.44008946418762207
8265517869_53c5fb3eff_z.jpg,0.40637660026550293
2166320847_63a04a9303_z.jpg,0.4267723560333252
5549228224_a42f7d5300_z.jpg,0.41527462005615234
7843905188_07e5d2a569_z.jpg,0.4317808151245117
6410065163_fef2877544_z.jpg,0.4237792491912842
8132134109_24eaa95e21_z.jpg,0.3798081874847412
33580840_a67c2b796a_z.jpg,0.4556314945220947
6180200475_fda2795252_z.jpg,0.4543581008911133
6010263871_df93fb6382_z.jpg,0.4227728843688965
19299023856_077e45c472_z.jpg,0.40819811820983887
19474810921_d2f23de0fc_z.jpg,0.4806537628173828
11335325886_75cf456ea8_z.jpg,0.5889861583709717
13314143603_95d63b5748_z.jpg,0.4677915573120117
14351072751_334621d203_z.jpg,0.4591796398162842
48901634_c792cbab58_z.jpg,0.41788649559020996
953262953_340a098204_z.jpg,0.45253562927246094
7685782426_d3615820e9_z.jpg,0.41407179832458496
48901634_c792cbab58_z.jpg,0.45299220085144043
5490854064_57151abb4f_z.jpg,0.4700157642364502
15490190390_d64fe16141_z.jpg,0.4370744228363037
19474810921_d2f23de0fc_z.jpg,0.43114352226257324
144429519_9567ff4044_z.jpg,0.4056968688964844
6459633873_5effb4b6e5_z.jpg,0.40982723236083984
14351072751_334621d203_z.jpg,0.43819284439086914
3029397040_d35cf11083_z.jpg,0.4007859230041504
15782459318_437c57f515_z.jpg,0.40059852600097656
4029738064_00c4cd038b_z.jpg,0.4151582717895508
2814480856_385049d567_z.jpg,0.49193453788757324
6097504753_2971a9eaa6_z.jpg,0.4554173946380615
5652496789_70e6f301e9_z.jpg,0.39433741569519043
3195432512_d0a96b2967_z.jpg,0.4774360656738281
4030862073_d697f506b0_z.jpg,0.6124382019042969
8265517869_53c5fb3eff_z.jpg,0.39634132385253906
2167290248_1ac3cbd890_z.jpg,0.4510347843170166
3676100181_dc21ca177f_z.jpg,0.4585151672363281
9755183855_953c4f062c_z.jpg,0.3855278491973877
8265517869_53c5fb3eff_z.jpg,0.4036424160003662
6097504753_2971a9eaa6_z.jpg,0.4765956401824951
3312304999_bc296f3260_z.jpg,0.3534994125366211
8032610600_1dd81d41a4_z.jpg,0.41288328170776367
2534669669_0c1d10c3e6_z.jpg,0.4438447952270508
8289650934_506c73242a_z.jpg,0.5587761402130127
14265143426_0770389597_z.jpg,0.39588046073913574
4597825116_8ec71a76cf_z.jpg,0.4565865993499756
5021039430_0cda148fd5_z.jpg,0.41341423988342285
750912399_32f415ecb1_z.jpg,0.4567861557006836
20843800936_edcdd89338_z.jpg,0.489133358001709
7283869010_60b2e311b5_z.jpg,0.5573327541351318
2718097307_1fb900f17a_z.jpg,0.5111851692199707
8125475_d0a1063029_z.jpg,0.46695876121520996
202416281_527efb7418_z.jpg,0.4878230094909668
8572756223_94130c5e61_z.jpg,0.49238014221191406
300422857_eb3a885357_z.jpg,0.613100528717041
9132297449_f27a6b1a45_z.jpg,0.5926864147186279
7110476047_267467ee68_z.jpg,0.4596383571624756
8213118547_f274c67e93_z.jpg,0.4541621208190918
19474810921_d2f23de0fc_z.jpg,0.4742774963378906
11709285374_bbb0e09e4e_z.jpg,0.4768073558807373
5436402112_3aee3141a7_z.jpg,0.49686574935913086
5877731495_29cc1a6c57_z.jpg,0.42212438583374023
3747524_f07f508ba9_z.jpg,0.5100803375244141
3209962531_f75dbe4341_z.jpg,0.40642786026000977
80536950_5993089209_z.jpg,0.4842257499694824
1553312291_c0cae48a37_z.jpg,0.28862905502319336
11484364375_4180af41fc_z.jpg,0.4154994487762451
2215395014_24a2f8184c_z.jpg,0.5302543640136719
5484042252_37ce385b5f_z.jpg,0.4752161502838135
4597825116_8ec71a76cf_z.jpg,0.46057987213134766
14409775264_5b589b56b4_z.jpg,0.46091175079345703
5316877862_ccdebd50e5_z.jpg,0.4322659969329834
8651904899_c2632fe751_z.jpg,0.4278907775878906
2392419690_8495e2b2c9_z.jpg,0.5248262882232666
2370036280_507a07c953_z.jpg,0.41504979133605957
7283869010_60b2e311b5_z.jpg,0.5720231533050537
1570513225_265b529538_z.jpg,0.4263179302215576
3413987789_b607473327_z.jpg,0.45681142807006836
5877730305_f5e3d13667_z.jpg,0.41933155059814453
915541987_2627e91a14_z.jpg,0.42783355712890625
7417962302_a50fc8eb6b_z.jpg,0.42815327644348145
7581740758_a1c5cf246e_z.jpg,0.4351484775543213
1570552254_fcac0be216_z.jpg,0.43304014205932617
7492624590_e473685314_z.jpg,0.5989727973937988
6723753569_a1d8678cde_z.jpg,0.4216940402984619
8032610600_1dd81d41a4_z.jpg,0.43571901321411133
2392419690_8495e2b2c9_z.jpg,0.49213433265686035
5763085728_cd042a4cb0_z.jpg,0.4199354648590088
36110689_9cbbccb36a_z.jpg,0.5071227550506592
1229448893_42c357ea12_z.jpg,0.3894679546356201
5708252159_5b4ac86a01_z.jpg,0.48369550704956055
5484042252_37ce385b5f_z.jpg,0.46730589866638184
14652913468_5d3b2a39f1_z.jpg,0.463320255279541
2277306387_af18b2096e_z.jpg,0.4768259525299072
138805025_80da2e3a82_z.jpg,0.45781993865966797
7664570690_6ab2f0ab5d_z.jpg,0.44600796699523926
5007439610_5bb351fc1f_z.jpg,0.49422740936279297
3595778703_d3bec2f74e_z.jpg,0.46538877487182617
8291522231_19e1414c1b_z.jpg,0.5897152423858643
19309035192_8666b8c4e2_z.jpg,0.46266722679138184
2468082692_49ec682990_z.jpg,0.471508264541626
6062750656_89284163db_z.jpg,0.4260365962982178
4901520304_aa5c10705e_z.jpg,0.4919779300689697
3666190087_ca2fb0d709_z.jpg,0.48316335678100586
15625756039_d59f4e16fa_z.jpg,0.47828149795532227
8464801471_b2b61acc7b_z.jpg,0.4357633590698242
2433596596_377bb91619_z.jpg,0.4778432846069336
4484760806_dc814d2ce2_z.jpg,0.43398547172546387
3290610375_c742148226_z.jpg,0.4019780158996582
414586991_9630094229_z.jpg,0.5274240970611572
1570513225_265b529538_z.jpg,0.4420750141143799
4901520304_aa5c10705e_z.jpg,0.46958470344543457
7270802858_c6e2b115e4_z.jpg,0.5991370677947998
5878631770_0c5592a1ee_z.jpg,0.4671597480773926
5971377496_abc7d794c7_z.jpg,0.4648780822753906
81717243_2c9fcf3dab_z.jpg,0.4896817207336426
7019541657_00e6c7a645_z.jpg,0.425976037979126
2768961204_712996d2bd_z.jpg,0.37187623977661133
4065552857_98aa8a39d4_z.jpg,0.4381577968597412
5210291488_fe9939bdf1_z.jpg,0.35427069664001465
15235483580_08696e0988_z.jpg,0.4431271553039551
9157606630_2ef852a3ee_z.jpg,0.42733287811279297
5594762666_e157f338f0_z.jpg,0.43227481842041016
4484760806_dc814d2ce2_z.jpg,0.44994163513183594
8125475_d0a1063029_z.jpg,0.4696316719055176
7664570690_6ab2f0ab5d_z.jpg,0.48505568504333496
7581740758_a1c5cf246e_z.jpg,0.4538559913635254
82706249_bf54b24c4e_z.jpg,0.26866722106933594
5290576324_881daf8265_z.jpg,0.48332953453063965
20959877010_552298f5f8_z.jpg,0.3590726852416992
80536950_5993089209_z.jpg,0.47358274459838867
15333662010_2f428f7e2f_z.jpg,0.5021803379058838
1229448893_42c357ea12_z.jpg,0.3957083225250244
3850147043_06970bc680_z.jpg,0.4690535068511963
3442716929_7a26250063_z.jpg,0.4285714626312256
953262953_340a098204_z.jpg,0.447467565536499
9141188655_328b195d8d_z.jpg,0.43324804306030273
7675033952_b3caa0dd37_z.jpg,0.4544956684112549
15392489891_905432249f_z.jpg,0.4285285472869873
3595778703_d3bec2f74e_z.jpg,0.48630547523498535
19474810921_d2f23de0fc_z.jpg,0.47498440742492676
16675918410_cc9588a553_z.jpg,0.3530588150024414
2883059364_a6ccfaf69a_z.jpg,0.46390295028686523
2784964324_0b0373fd24_z.jpg,0.48790597915649414
5481347426_620620145e_z.jpg,0.415022611618042
1134141407_0254c76c4d_z.jpg,0.3965620994567871
3959888385_3580cd572c_z.jpg,0.4702012538909912
6723753569_a1d8678cde_z.jpg,0.43129587173461914
18285977255_534ec8e749_z.jpg,0.4224269390106201
3157735385_c9e7580f03_z.jpg,0.4801197052001953
31792151_e1e4c47427_z.jpg,0.4095594882965088
2215395014_24a2f8184c_z.jpg,0.5096986293792725
235979174_fcd7ef1374_z.jpg,0.4663820266723633
5877730305_f5e3d13667_z.jpg,0.42535972595214844
144429519_9567ff4044_z.jpg,0.4326610565185547
11709285374_bbb0e09e4e_z.jpg,0.4657449722290039
19299023856_077e45c472_z.jpg,0.38584017753601074
5336089950_d2f4618519_z.jpg,0.40428996086120605
489195247_b908298ee6_z.jpg,0.4594902992248535
15235483580_08696e0988_z.jpg,0.4283416271209717
15237426722_a51d199f2f_z.jpg,0.5190985202789307
750912399_32f415ecb1_z.jpg,0.4597451686859131
7175939730_9a03853d4c_z.jpg,0.47756409645080566
5490854064_57151abb4f_z.jpg,0.4505617618560791
1570513225_265b529538_z.jpg,0.41750431060791016
20843800936_edcdd89338_z.jpg,0.5333218574523926
6459633873_5effb4b6e5_z.jpg,0.43622612953186035
2882148223_72d4df2a8e_z.jpg,0.46907639503479004
9755183855_953c4f062c_z.jpg,0.4082212448120117
144429519_9567ff4044_z.jpg,0.4405555725097656
2718097307_1fb900f17a_z.jpg,0.43257713317871094
8125475_d0a1063029_z.jpg,0.4920167922973633
211850545_7f670901ab_z.jpg,0.4037618637084961
14811525368_d8b774e40a_z.jpg,0.4284787178039551
15983066535_629c335c63_z.jpg,0.4193711280822754
8773393046_236298c465_z.jpg,0.43551182746887207
2746929519_3599d54cfb_z.jpg,0.45641469955444336
98052295_1221189a77_z.jpg,0.5254662036895752
6113997729_5f5ac02209_z.jpg,0.46197509765625
890847666_ec8eaecf88_z.jpg,0.4594893455505371
3413987789_b607473327_z.jpg,0.5046505928039551
300422857_eb3a885357_z.jpg,0.5742897987365723
2244176071_615b055c30_z.jpg,0.48155999183654785
387284206_360c4e3d6e_z.jpg,0.32285284996032715
1908136167_cae3414e7e_z.jpg,0.4311347007751465
414586991_9630094229_z.jpg,0.495013952255249
2215395014_24a2f8184c_z.jpg,0.5146894454956055
8651904899_c2632fe751_z.jpg,0.3993802070617676
890847666_ec8eaecf88_z.jpg,0.493912935256958
16789366715_633121f7bb_z.jpg,0.46205663681030273
2179537346_d695661bbc_z.jpg,0.40703296661376953
300422857_eb3a885357_z.jpg,0.6303913593292236
5484042252_37ce385b5f_z.jpg,0.46857666969299316
2177634493_51ca0597e2_z.jpg,0.6269247531890869
1240686712_fbccf26b7f_z.jpg,0.41013479232788086
5481347426_620620145e_z.jpg,0.44379615783691406
5387089136_efcdc42456_z.jpg,0.44461750984191895
5971377496_abc7d794c7_z.jpg,0.48783373832702637
5048937296_7c707f1d71_z.jpg,0.5647659301757812
7019541657_00e6c7a645_z.jpg,0.4071810245513916
2918687630_5108e3e2ab_z.jpg,0.42590951919555664
9141188655_328b195d8d_z.jpg,0.4255249500274658
15038212434_9e0e575008_z.jpg,0.5958073139190674
3300269400_c276d7a1a7_z.jpg,0.4916651248931885
5490854064_57151abb4f_z.jpg,0.47945356369018555
677743874_168dcb5ed1_z.jpg,0.40329813957214355
3850147043_06970bc680_z.jpg,0.48068737983703613
31792151_e1e4c47427_z.jpg,0.4074225425720215
9478594118_5861e54c87_z.jpg,0.47904348373413086
7782123174_dbda292cef_z.jpg,0.4564497470855713
8106854318_06c1cc0fc3_z.jpg,0.4496724605560303
5516505342_43268015f4_z.jpg,0.4476816654205322
8183126241_e78c7f86ba_z.jpg,0.4138789176940918
8538565946_199e28b584_z.jpg,0.5797572135925293
506974894_b74672813b_z.jpg,0.429058313369751
3595778703_d3bec2f74e_z.jpg,0.46660542488098145
3666190087_ca2fb0d709_z.jpg,0.46730852127075195
6141562070_11880edf2e_z.jpg,0.4308009147644043
6217890759_2a6a04d1d9_z.jpg,0.42678236961364746
4484760806_dc814d2ce2_z.jpg,0.4269070625305176
2136213674_4e484d88e3_z.jpg,0.46224451065063477
892497288_b916ec820e_z.jpg,0.4794151782989502
1553312291_c0cae48a37_z.jpg,0.3165395259857178
300422857_eb3a885357_z.jpg,0.5923304557800293
8032610600_1dd81d41a4_z.jpg,0.4246852397918701
7475018518_6c715a96c1_z.jpg,0.4322800636291504
2768961204_712996d2bd_z.jpg,0.3532431125640869
14628257582_1ff5e98e4c_z.jpg,0.40239787101745605
2136213674_4e484d88e3_z.jpg,0.4497039318084717
2277306387_af18b2096e_z.jpg,0.4955601692199707
8032610600_1dd81d41a4_z.jpg,0.4072544574737549
5513074265_5b31a2339b_z.jpg,0.4203379154205322
449567850_48a3c60a6f_z.jpg,0.4175894260406494
3195432512_d0a96b2967_z.jpg,0.46578431129455566
4231227841_3821544fe1_z.jpg,0.5788772106170654
51712355_49c2e95899_z.jpg,0.43144750595092773
4018061968_3e03b2e96f_z.jpg,0.46587061882019043
5466970559_0f7b06bcd6_z.jpg,0.4182560443878174
18068160735_6c2f214265_z.jpg,0.4483208656311035
5605719660_5bed05cca3_z.jpg,0.41304540634155273
3954929491_6e95503c3d_z.jpg,0.4209420680999756
6431185703_6c72dd7b5e_z.jpg,0.4167349338531494
8213118547_f274c67e93_z.jpg,0.42749762535095215
1240686712_fbccf26b7f_z.jpg,0.4230952262878418
340359612_df41037e73_z.jpg,0.42382359504699707
11335325886_75cf456ea8_z.jpg,0.5768392086029053
5381237016_f49e86b880_z.jpg,0.3533041477203369
5971377496_abc7d794c7_z.jpg,0.48017382621765137
15516450642_4fffe9be37_z.jpg,0.5990407466888428
11484364375_4180af41fc_z.jpg,0.39453983306884766
5290576324_881daf8265_z.jpg,0.4816422462463379
2167290248_1ac3cbd890_z.jpg,0.49275827407836914
9141188655_328b195d8d_z.jpg,0.4327523708343506
3715997008_28a251eba7_z.jpg,0.3942282199859619
7492624590_e473685314_z.jpg,0.588414192199707
4730790029_bdc24fcb8c_z.jpg,0.4176058769226074
19309035192_8666b8c4e2_z.jpg,0.48278236389160156
5652496789_70e6f301e9_z.jpg,0.41402316093444824
7548613890_a6272237ac_z.jpg,0.4772453308105469
6881088206_947a7622d4_z.jpg,0.4630444049835205
15589191923_99889a9f83_z.jpg,0.45418477058410645
2698863450_3a10857081_z.jpg,0.5746724605560303
5599702283_8562638984_z.jpg,0.4433143138885498
13314143603_95d63b5748_z.jpg,0.4566338062286377
4380790081_1cbcb573ec_z.jpg,0.43026018142700195
4728907141_f9e5aa4bce_z.jpg,0.46228790283203125
16106543870_2f167db1e1_z.jpg,0.4615650177001953
6455179889_6db5a93bfa_z.jpg,0.47829246520996094
8922688952_9cacbffe29_z.jpg,0.42412543296813965
7035751851_15d745cf2c_z.jpg,0.4519660472869873
7742706992_27215ef7f8_z.jpg,0.43970322608947754
7492624590_e473685314_z.jpg,0.5879738330841064
7742706992_27215ef7f8_z.jpg,0.42559123039245605
2534669669_0c1d10c3e6_z.jpg,0.44556236267089844
2667833832_bf9ddddac5_z.jpg,0.49507904052734375
5007439610_5bb351fc1f_z.jpg,0.4599802494049072
4018061968_3e03b2e96f_z.jpg,0.4706454277038574
9157606630_2ef852a3ee_z.jpg,0.4339113235473633
2244176071_615b055c30_z.jpg,0.46395444869995117
1240686712_fbccf26b7f_z.jpg,0.43166089057922363
2787764752_0277f5bbb2_z.jpg,0.4664576053619385
2433290346_8482cac895_z.jpg,0.40471720695495605
14628257582_1ff5e98e4c_z.jpg,0.39553260803222656
892497288_b916ec820e_z.jpg,0.4649968147277832
387284206_360c4e3d6e_z.jpg,0.34531331062316895
2230295891_a68077f047_z.jpg,0.4423222541809082
3632975096_ec47d16f37_z.jpg,0.493394136428833
16679943419_b0fd9b6858_z.jpg,0.41980767250061035
6723753569_a1d8678cde_z.jpg,0.43199872970581055
2882148223_72d4df2a8e_z.jpg,0.48894715309143066
10218081326_b6a2dd98f5_z.jpg,0.6224098205566406
3209962531_f75dbe4341_z.jpg,0.42253589630126953
258460789_c4baeb300a_z.jpg,0.5042400360107422
6459633873_5effb4b6e5_z.jpg,0.4031507968902588
432591931_4789d0f0f1_z.jpg,0.48975515365600586
15091650494_d8a5f37637_z.jpg,0.4367046356201172
4122228889_3b69997e0c_z.jpg,0.4807577133178711
2433290346_8482cac895_z.jpg,0.4017026424407959
3283350420_d2b4b8fef3_z.jpg,0.4435887336730957
5816846412_7b6fa97da0_z.jpg,0.4180316925048828
4484760806_dc814d2ce2_z.jpg,0.4227883815765381
4231227841_3821544fe1_z.jpg,0.5764195919036865
1908136167_cae3414e7e_z.jpg,0.4353768825531006
8291522231_19e1414c1b_z.jpg,0.5903639793395996
2883059364_a6ccfaf69a_z.jpg,0.4574916362762451
6431185703_6c72dd7b5e_z.jpg,0.4012150764465332
4728907141_f9e5aa4bce_z.jpg,0.44043993949890137
2177634493_51ca0597e2_z.jpg,0.5684800148010254
528252616_a57e6257ff_z.jpg,0.46481871604919434
4349979920_189df35e15_z.jpg,0.46865224838256836
342659307_d5d9d36af5_z.jpg,0.3128221035003662
3666190087_ca2fb0d709_z.jpg,0.4356691837310791
13472183804_b6c8633f6e_z.jpg,0.44467759132385254
4991188769_8642331e2c_z.jpg,0.4312889575958252
18608021442_84f7dcfa5c_z.jpg,0.45822858810424805
2169952827_05bddc305e_z.jpg,0.42487645149230957
2883059364_a6ccfaf69a_z.jpg,0.47121143341064453
2206074222_69cc088500_z.jpg,0.3914330005645752
11484364375_4180af41fc_z.jpg,0.4279477596282959
2230295891_a68077f047_z.jpg,0.4066886901855469
11335325886_75cf456ea8_z.jpg,0.5591320991516113
2709706154_32ff27825a_z.jpg,0.4361302852630615
207320225_2446b6cf11_z.jpg,0.4021914005279541
5048937296_7c707f1d71_z.jpg,0.537045955657959
7443993440_80892cc39d_z.jpg,0.6053290367126465
51712355_49c2e95899_z.jpg,0.411712646484375
8523144329_569f1781b3_z.jpg,0.5360593795776367
5816846412_7b6fa97da0_z.jpg,0.4077179431915283
7110476047_267467ee68_z.jpg,0.4595520496368408
3844809782_aa1ce17781_z.jpg,0.4567866325378418
2999108747_2b1e0ac45f_z.jpg,0.46988582611083984
6723753569_a1d8678cde_z.jpg,0.42236948013305664
84410494_ab268290cf_z.jpg,0.45273733139038086
14265143426_0770389597_z.jpg,0.39365386962890625
438887381_0a2a4e97e4_z.jpg,0.40920519828796387
138805025_80da2e3a82_z.jpg,0.4456925392150879
858829152_629399f0a4_z.jpg,0.46424293518066406
677743874_168dcb5ed1_z.jpg,0.4197213649749756
1980856023_6049619444_z.jpg,0.42920422554016113
2667833832_bf9ddddac5_z.jpg,0.4234278202056885
16658372825_affc436763_z.jpg,0.37026023864746094
5763085728_cd042a4cb0_z.jpg,0.4080772399902344
16789366715_633121f7bb_z.jpg,0.4253356456756592
2169952827_05bddc305e_z.jpg,0.4062497615814209
7110476047_267467ee68_z.jpg,0.4322664737701416
6410065163_fef2877544_z.jpg,0.40424013137817383
15625756039_d59f4e16fa_z.jpg,0.42942094802856445
2433596596_377bb91619_z.jpg,0.4880361557006836
8399932836_19c21d3779_z.jpg,0.4727592468261719
3715997008_28a251eba7_z.jpg,0.399277925491333
6431153899_9ac59a36b4_z.jpg,0.43790435791015625
8291522231_19e1414c1b_z.jpg,0.5694882869720459
449567850_48a3c60a6f_z.jpg,0.3785996437072754
5007439610_5bb351fc1f_z.jpg,0.4680440425872803
2167290248_1ac3cbd890_z.jpg,0.47469067573547363
6431153899_9ac59a36b4_z.jpg,0.5102694034576416
239427670_897dedb1ea_z.jpg,0.4494330883026123
1240686712_fbccf26b7f_z.jpg,0.4519467353820801
202416281_527efb7418_z.jpg,0.4795558452606201
15625756039_d59f4e16fa_z.jpg,0.4799680709838867
1110261834_4068e20626_z.jpg,0.47647762298583984
5513074265_5b31a2339b_z.jpg,0.4377474784851074
12041194676_da91e0d068_z.jpg,0.43762922286987305
1570552254_fcac0be216_z.jpg,0.40793752670288086
4901520304_aa5c10705e_z.jpg,0.48846960067749023
432591931_4789d0f0f1_z.jpg,0.47395968437194824
6010263871_df93fb6382_z.jpg,0.4349086284637451
1553312291_c0cae48a37_z.jpg,0.2713463306427002
2784964324_0b0373fd24_z.jpg,0.4848954677581787
219320127_ff9873aaf5_z.jpg,0.4722013473510742
8031274301_1d9bc9b665_z.jpg,0.4384341239929199
5826499075_8c91ec270b_z.jpg,0.46488165855407715
4231227841_3821544fe1_z.jpg,0.5923056602478027
3141821008_3743fb8be5_z.jpg,0.4924895763397217
12570366253_52905ec5a1_z.jpg,0.46355748176574707
5826499075_8c91ec270b_z.jpg,0.4702188968658447
4414731678_5f70c9f88e_z.jpg,0.4609863758087158
750912399_32f415ecb1_z.jpg,0.45153141021728516
33580840_a67c2b796a_z.jpg,0.49654603004455566
2667833832_bf9ddddac5_z.jpg,0.4694695472717285
2534669669_0c1d10c3e6_z.jpg,0.4633955955505371
6816985831_893d039421_z.jpg,0.4211156368255615
15392489891_905432249f_z.jpg,0.41457414627075195
3582713912_3d9ac5ecc9_z.jpg,0.47944140434265137
6881088206_947a7622d4_z.jpg,0.46425819396972656
3353007655_56889b94a7_z.jpg,0.4575352668762207
6459633873_5effb4b6e5_z.jpg,0.4310293197631836
449567850_48a3c60a6f_z.jpg,0.37534666061401367
4743123794_5c502eaee7_z.jpg,0.41646552085876465
1229448893_42c357ea12_z.jpg,0.3975043296813965
7581740758_a1c5cf246e_z.jpg,0.4190356731414795
8399932836_19c21d3779_z.jpg,0.5319173336029053
2166320847_63a04a9303_z.jpg,0.40773558616638184
8730902798_bfe9360f4e_z.jpg,0.4934237003326416
6102395478_8c004e1142_z.jpg,0.47643208503723145
6924362656_d86bedc2e4_z.jpg,0.4642651081085205
6111783458_61cc1f0f88_z.jpg,0.4383513927459717
9755183855_953c4f062c_z.jpg,0.3948636054992676
541124874_7247349bb7_z.jpg,0.4323446750640869
15038212434_9e0e575008_z.jpg,0.6059706211090088
1240686712_fbccf26b7f_z.jpg,0.4907498359680176
15091650494_d8a5f37637_z.jpg,0.418612003326416
8265517869_53c5fb3eff_z.jpg,0.41869020462036133
5336089950_d2f4618519_z.jpg,0.3854713439941406
15490190390_d64fe16141_z.jpg,0.4304511547088623
19577109682_a0282d8678_z.jpg,0.45822978019714355
8773393046_236298c465_z.jpg,0.4342684745788574
80536950_5993089209_z.jpg,0.46736598014831543
11132512636_ebb3a6a070_z.jpg,0.4287235736846924
4763265058_6c6dbb9abe_z.jpg,0.40999794006347656
6309741882_b074ee1a96_z.jpg,0.5182764530181885
15625756039_d59f4e16fa_z.jpg,0.452880859375
20646999908_c3400d3ef6_z.jpg,0.45197272300720215
3409776362_07a8bb7f17_z.jpg,0.5202431678771973
9755183855_953c4f062c_z.jpg,0.41936421394348145
8213118547_f274c67e93_z.jpg,0.4333350658416748
15071673457_0703cea442_z.jpg,0.4015657901763916
15625756039_d59f4e16fa_z.jpg,0.4791750907897949
3446761063_9cdc26f36c_z.jpg,0.40811896324157715
2534669669_0c1d10c3e6_z.jpg,0.4952864646911621
1570552254_fcac0be216_z.jpg,0.3942580223083496
4349979920_189df35e15_z.jpg,0.4707822799682617
8343384446_ebe3bc86ce_z.jpg,0.6036226749420166
7417962302_a50fc8eb6b_z.jpg,0.3945915699005127
8562326627_1a68052e58_z.jpg,0.5638468265533447
7283869010_60b2e311b5_z.jpg,0.5741667747497559
9478594118_5861e54c87_z.jpg,0.45665860176086426
11101898274_dcf6061b20_z.jpg,0.4208400249481201
14786765330_5d381d2451_z.jpg,0.502633810043335
4728907141_f9e5aa4bce_z.jpg,0.48160481452941895
915541987_2627e91a14_z.jpg,0.3973419666290283
342659307_d5d9d36af5_z.jpg,0.30927371978759766
19309035192_8666b8c4e2_z.jpg,0.4728434085845947
10915137264_e8c23d54b4_z.jpg,0.44084811210632324
9031823026_3e55960d76_z.jpg,0.3651468753814697
2918687630_5108e3e2ab_z.jpg,0.41867971420288086
677743874_168dcb5ed1_z.jpg,0.43093323707580566
15516450642_4fffe9be37_z.jpg,0.5933830738067627
5436402112_3aee3141a7_z.jpg,0.5409409999847412
3595778703_d3bec2f74e_z.jpg,0.45832085609436035
3844809782_aa1ce17781_z.jpg,0.46665215492248535
7782123174_dbda292cef_z.jpg,0.46262621879577637
15490190390_d64fe16141_z.jpg,0.4312629699707031
16106543870_2f167db1e1_z.jpg,0.45505404472351074
5605719660_5bed05cca3_z.jpg,0.4345371723175049
5425389979_390e3f3881_z.jpg,0.4570751190185547
2230295891_a68077f047_z.jpg,0.39786624908447266
3291298501_9a8eed3fa0_z.jpg,0.4199337959289551
5048937296_7c707f1d71_z.jpg,0.543938398361206
319365750_c6ecd7afbc_z.jpg,0.4449336528778076
4467873253_2ce7540d62_z.jpg,0.4165480136871338
17594682014_fcd2ac5ca3_z.jpg,0.50571608543396
5387089136_efcdc42456_z.jpg,0.4140756130218506
8651904899_c2632fe751_z.jpg,0.42235279083251953
5402229494_570e48f7f9_z.jpg,0.42766261100769043
9141188655_328b195d8d_z.jpg,0.4332389831542969
2918687630_5108e3e2ab_z.jpg,0.4247415065765381
6881088206_947a7622d4_z.jpg,0.4502544403076172
2179537346_d695661bbc_z.jpg,0.43767833709716797
16850385890_8105762655_z.jpg,0.4215281009674072
5093076088_7bc77ec199_z.jpg,0.4551403522491455
7035751851_15d745cf2c_z.jpg,0.47991061210632324
5210291488_fe9939bdf1_z.jpg,0.36152029037475586
5425389979_390e3f3881_z.jpg,0.4513819217681885
14711690133_019fe56eb5_z.jpg,0.441342830657959
541124874_7247349bb7_z.jpg,0.4346334934234619
16675918410_cc9588a553_z.jpg,0.37113428115844727
14409775264_5b589b56b4_z.jpg,0.49524426460266113
19577109682_a0282d8678_z.jpg,0.46562838554382324
19577109682_a0282d8678_z.jpg,0.47829437255859375
5974549533_83d56b822d_z.jpg,0.42258286476135254
8464801471_b2b61acc7b_z.jpg,0.4424004554748535
14711690133_019fe56eb5_z.jpg,0.4413304328918457
15782459318_437c57f515_z.jpg,0.4348866939544678
9157606630_2ef852a3ee_z.jpg,0.4371166229248047
5290576324_881daf8265_z.jpg,0.45865345001220703
36110689_9cbbccb36a_z.jpg,0.5171921253204346
144429519_9567ff4044_z.jpg,0.401336669921875
5827517048_a890acd7e6_z.jpg,0.42836642265319824
13073061203_f7d640a8b3_z.jpg,0.4188215732574463
3409776362_07a8bb7f17_z.jpg,0.5297408103942871
2177634493_51ca0597e2_z.jpg,0.6133685111999512
5971377496_abc7d794c7_z.jpg,0.4692089557647705
3069852951_85b984b709_z.jpg,0.4541008472442627
15589191923_99889a9f83_z.jpg,0.4723849296569824
3666190087_ca2fb0d709_z.jpg,0.45557165145874023
5381237016_f49e86b880_z.jpg,0.39280128479003906
2179537346_d695661bbc_z.jpg,0.42966604232788086
2258982401_762044a41d_z.jpg,0.46074914932250977
7548613890_a6272237ac_z.jpg,0.46353936195373535
4231227841_3821544fe1_z.jpg,0.5748951435089111
12041194676_da91e0d068_z.jpg,0.4236738681793213
4029738064_00c4cd038b_z.jpg,0.4150395393371582
3685504815_c15a389bd3_z.jpg,0.48526740074157715
6499183869_45bb8908c3_z.jpg,0.40260934829711914
4467873253_2ce7540d62_z.jpg,0.42594146728515625
5210291488_fe9939bdf1_z.jpg,0.38523340225219727
15038212434_9e0e575008_z.jpg,0.60634446144104
5506132265_d6d43548eb_z.jpg,0.43720173835754395
8634899263_5ce2555806_z.jpg,0.41326427459716797
21376683791_d98acff014_z.jpg,0.6294288635253906
6835338988_c013b40c94_z.jpg,0.4123101234436035
15083791924_c7195faca3_z.jpg,0.4197726249694824
207320225_2446b6cf11_z.jpg,0.4197695255279541
3715997008_28a251eba7_z.jpg,0.4355471134185791
16679943419_b0fd9b6858_z.jpg,0.43276405334472656
3954929491_6e95503c3d_z.jpg,0.44096994400024414
15589191923_99889a9f83_z.jpg,0.46453380584716797
20646999908_c3400d3ef6_z.jpg,0.46727585792541504
296513213_9681371ed9_z.jpg,0.44026708602905273
2040136228_41c284c2cb_z.jpg,0.48184728622436523
2592416858_f849d2ac8f_z.jpg,0.4553961753845215
7283869010_60b2e311b5_z.jpg,0.5644969940185547
5877731495_29cc1a6c57_z.jpg,0.42304420471191406
3312304999_bc296f3260_z.jpg,0.38872742652893066
7443993440_80892cc39d_z.jpg,0.609384298324585
1980856023_6049619444_z.jpg,0.4665689468383789
3703720579_4a2cf4af15_z.jpg,0.4658238887786865
3685504815_c15a389bd3_z.jpg,0.45050716400146484
14652913468_5d3b2a39f1_z.jpg,0.4601263999938965
15237426722_a51d199f2f_z.jpg,0.5217981338500977
16982913298_aa90f2a62b_z.jpg,0.611577033996582
8464801471_b2b61acc7b_z.jpg,0.42650485038757324
204668081_9bb000df17_z.jpg,0.5168921947479248
4065552857_98aa8a39d4_z.jpg,0.42073941230773926
12570366253_52905ec5a1_z.jpg,0.4940493106842041
2709706154_32ff27825a_z.jpg,0.4637491703033447
20843800936_edcdd89338_z.jpg,0.5007603168487549
2861862980_8aab1934f0_z.jpg,0.450864315032959
5484042252_37ce385b5f_z.jpg,0.48735880851745605
506974894_b74672813b_z.jpg,0.39588403701782227
8343384446_ebe3bc86ce_z.jpg,0.6296882629394531
6117174227_6e5da0556b_z.jpg,0.4040076732635498
1134141407_0254c76c4d_z.jpg,0.3870353698730469
9002629162_51388d1396_z.jpg,0.4376800060272217
3747524_f07f508ba9_z.jpg,0.48065972328186035
3666190087_ca2fb0d709_z.jpg,0.47971200942993164
14711690133_019fe56eb5_z.jpg,0.46053171157836914
4282546783_10b5e0a62e_z.jpg,0.47168397903442383
890847666_ec8eaecf88_z.jpg,0.4420664310455322
8125475_d0a1063029_z.jpg,0.48515915870666504
4901520304_aa5c10705e_z.jpg,0.46303653717041016
8464801471_b2b61acc7b_z.jpg,0.4425520896911621
1134141407_0254c76c4d_z.jpg,0.36276793479919434
8651904899_c2632fe751_z.jpg,0.4187300205230713
4163439575_7c6a260e8e_z.jpg,0.5280060768127441
6098643678_fc8044b5ac_z.jpg,0.43285465240478516
8343384446_ebe3bc86ce_z.jpg,0.6315996646881104
3283350420_d2b4b8fef3_z.jpg,0.42582225799560547
2179537346_d695661bbc_z.jpg,0.42945194244384766
8526465743_29a9320d16_z.jpg,0.6099948883056641
9132297449_f27a6b1a45_z.jpg,0.5895564556121826
19030996840_1fbbb14eeb_z.jpg,0.6579909324645996
1908136167_cae3414e7e_z.jpg,0.42052388191223145
16679943419_b0fd9b6858_z.jpg,0.4281008243560791
4467873253_2ce7540d62_z.jpg,0.4303741455078125
16599186017_25f46b7511_z.jpg,0.6069059371948242
5605719660_5bed05cca3_z.jpg,0.4277374744415283
750912399_32f415ecb1_z.jpg,0.47154664993286133
11484364375_4180af41fc_z.jpg,0.44312024116516113
7248771448_66aab6455d_z.jpg,0.4767735004425049
4941417139_1608ab2596_z.jpg,0.4548518657684326
11335325886_75cf456ea8_z.jpg,0.5591061115264893
387284206_360c4e3d6e_z.jpg,0.30724382400512695
2365652301_0de626bd97_z.jpg,0.5030622482299805
10218081326_b6a2dd98f5_z.jpg,0.6134836673736572
858829152_629399f0a4_z.jpg,0.46058082580566406
5708252159_5b4ac86a01_z.jpg,0.46128034591674805
8922688952_9cacbffe29_z.jpg,0.4306628704071045
6985531639_71621c1e69_z.jpg,0.43175506591796875
5513074265_5b31a2339b_z.jpg,0.43695878982543945
8488918795_f8ba7dabb6_z.jpg,0.44664430618286133
138805025_80da2e3a82_z.jpg,0.47815918922424316
13340204053_873cda4cef_z.jpg,0.3525569438934326
207320225_2446b6cf11_z.jpg,0.44640660285949707
7035751851_15d745cf2c_z.jpg,0.455308198928833
2166320847_63a04a9303_z.jpg,0.4318981170654297
4163439575_7c6a260e8e_z.jpg,0.5379042625427246
2166320847_63a04a9303_z.jpg,0.3999044895172119
3372528428_1fdbd7e39c_z.jpg,0.4825747013092041
17554656478_22dea58ed2_z.jpg,0.4048175811767578
541124874_7247349bb7_z.jpg,0.42838335037231445
19577109682_a0282d8678_z.jpg,0.44453859329223633
234597792_a9f1e7e7a9_z.jpg,0.42635202407836914
51712355_49c2e95899_z.jpg,0.4314084053039551
19030996840_1fbbb14eeb_z.jpg,0.6023011207580566
6924362656_d86bedc2e4_z.jpg,0.4939448833465576
3452990622_cfb5fba34a_z.jpg,0.46321558952331543
2179537346_d695661bbc_z.jpg,0.39527416229248047
239427670_897dedb1ea_z.jpg,0.4161512851715088
8591221048_8fe555a40c_z.jpg,0.42031288146972656
4625462281_7df55484bb_z.jpg,0.42440366744995117
6097504753_2971a9eaa6_z.jpg,0.4506490230560303
677743874_168dcb5ed1_z.jpg,0.4232511520385742
3632975096_ec47d16f37_z.jpg,0.5061807632446289
414586991_9630094229_z.jpg,0.5194780826568604
16658372825_affc436763_z.jpg,0.38782358169555664
4484760806_dc814d2ce2_z.jpg,0.3924598693847656
387284206_360c4e3d6e_z.jpg,0.33290743827819824
4282546783_10b5e0a62e_z.jpg,0.4616367816925049
8526465743_29a9320d16_z.jpg,0.5919182300567627
10218081326_b6a2dd98f5_z.jpg,0.6253774166107178
2667833832_bf9ddddac5_z.jpg,0.4770681858062744
5298850167_d1e13e9551_z.jpg,0.3809683322906494
31792151_e1e4c47427_z.jpg,0.4145381450653076
2370036280_507a07c953_z.jpg,0.45638561248779297
11381011104_36225e2ccc_z.jpg,0.5370755195617676
3291298501_9a8eed3fa0_z.jpg,0.3989102840423584
16086668084_0d1665cda4_z.jpg,0.5384440422058105
8960442702_6c931904f0_z.jpg,0.41944384574890137
15091650494_d8a5f37637_z.jpg,0.4195723533630371
6117174227_6e5da0556b_z.jpg,0.4313948154449463
4901520304_aa5c10705e_z.jpg,0.45741963386535645
2468082692_49ec682990_z.jpg,0.47528553009033203
7163490183_0dff14b5d6_z.jpg,0.38018369674682617
20843800936_edcdd89338_z.jpg,0.49654126167297363
5298850167_d1e13e9551_z.jpg,0.4112815856933594
528252616_a57e6257ff_z.jpg,0.45610928535461426
18608021442_84f7dcfa5c_z.jpg,0.4966084957122803
915541987_2627e91a14_z.jpg,0.4033055305480957
