Image ID,Request Id,Response time,correctly_detect,true_class
5605719660_5bed05cca3_z.jpg,6ecdba10-48e4-4a16-a3b6-b998ddfd928e,0.2828249931335449,1,person
1229448893_42c357ea12_z.jpg,acff75b5-c98d-4904-9c41-d3bc59a2af70,0.2644374370574951,1,bicycle
1428837563_12ec867e05_z.jpg,dc1715fc-ff69-4f52-84c7-4c1159ae7b36,0.29854798316955566,1,cat
15235483580_08696e0988_z.jpg,376789df-f582-42e8-abb6-efbae78c9f51,0.29085564613342285,0,bicycle
7110476047_267467ee68_z.jpg,4a7380f2-3ed0-40a8-b399-b8f755f8a700,0.29396748542785645,1,car
9141188655_328b195d8d_z_degraded.jpg,ca968a4c-352b-44d6-aacc-d5473cb0bdb4,0.27792954444885254,1,bicycle
5971377496_abc7d794c7_z.jpg,141a4ad2-29e8-450f-92d1-20870bfb36e0,0.3306567668914795,1,bicycle
7019541657_00e6c7a645_z_degraded.jpg,9f8d3e17-3af6-4536-8734-1a0e1f41282f,0.26827216148376465,1,cat
858829152_629399f0a4_z.jpg,e4e3e8a7-5e3a-4fa9-aeb0-e4867c5179b5,0.32575297355651855,1,cat
4975505027_db5864977d_z.jpg,3d7c74f1-7f69-414c-9127-5258387921ff,0.3123664855957031,0,dog
2277306387_af18b2096e_z.jpg,d8807237-4f2c-4f2c-8e7f-4a6d71850da5,0.3247673511505127,0,dog
4065552857_98aa8a39d4_z.jpg,3fe105f9-fd82-4ed5-a217-cd0f6dfd7cb7,0.28983044624328613,1,bicycle
15584457029_80b75274db_z.jpg,9cc67ad6-1863-4b39-9627-5375f068cd66,0.26621079444885254,1,cat
5827517048_a890acd7e6_z.jpg,bf5015fe-b6bd-40a4-a32e-89961dc0739a,0.2717437744140625,0,dog
858829152_629399f0a4_z.jpg,3bde8869-1492-4033-bf5b-cbbfd4aeb4d1,0.321535587310791,1,cat
1511658057_17b7bac11a_z.jpg,05a2d88c-4f52-4e79-9016-a837a8f0968d,0.25595974922180176,1,bicycle
7417962302_a50fc8eb6b_z.jpg,ea7fb4fe-6510-4356-b2a5-d90a396ccf91,0.27120089530944824,1,bicycle
2667833832_bf9ddddac5_z.jpg,15184871-5f32-455f-b4d9-01df72c39729,0.3058333396911621,1,cat
7782123174_dbda292cef_z.jpg,608143f8-0670-42b8-b86d-0f5c66eded55,0.32052040100097656,1,car
51712355_49c2e95899_z.jpg,5d85aaec-ee4b-46b4-a202-d151baac4a36,0.2572140693664551,1,bicycle
4370423313_49f3722e85_z.jpg,f458dedf-51e9-42bf-a085-6918b35675e6,0.3229706287384033,1,car
5490854064_57151abb4f_z.jpg,b1a356e3-2186-4c9d-b3f6-1a955e276e11,0.3141968250274658,0,car
5381237016_f49e86b880_z.jpg,d09eba33-5680-49cd-aade-6b4a664aa9b3,0.261491060256958,1,dog
14584923986_debd346d81_z.jpg,138ce34d-7eff-4bba-9cf9-418bef09a973,0.4090301990509033,1,dog
1240686712_fbccf26b7f_z_degraded.jpg,5d8863d4-a376-4d29-875a-8c2ae33b5fdd,0.27008485794067383,1,cat
7417962302_a50fc8eb6b_z.jpg,a8455d44-27c1-4182-ae6b-9adf2cc3345c,0.2783336639404297,1,bicycle
15333662010_2f428f7e2f_z.jpg,af82d78b-d30c-4db4-a106-e88964012e69,0.3428919315338135,1,bicycle
20795376805_7d3aabfce1_z.jpg,f8418011-cad1-4976-b94b-40746ecef942,0.25191402435302734,0,car
2392419690_8495e2b2c9_z.jpg,bbe47b6e-2ce4-4c06-8d15-8545a43ec85e,0.3053863048553467,1,person
16658372825_affc436763_z.jpg,48e1874b-668c-4055-bb60-b3db574fc11a,0.2497725486755371,1,person
414586991_9630094229_z.jpg,4a0c7914-a8e6-4ef1-916d-31fbe98ac0bd,0.3303871154785156,1,bicycle
7175939730_9a03853d4c_z.jpg,05eb0403-ef4b-4c7f-a5e6-04bfd14ccad8,0.3348422050476074,0,cat
5290576324_881daf8265_z_degraded.jpg,273c1b4d-cb3d-4d19-8d14-fa06d39396ea,0.3038763999938965,1,dog
2206074222_69cc088500_z.jpg,9723ffb9-97d2-4af6-a552-66d3c8332cb9,0.2769489288330078,1,cat
677743874_168dcb5ed1_z.jpg,eae718b5-91a2-4697-9382-6fff423ba83d,0.2618222236633301,1,dog
10218081326_b6a2dd98f5_z.jpg,384de403-01b3-446a-8753-28d4a74383b1,0.41910243034362793,1,car
3029397040_d35cf11083_z.jpg,2958af50-9ef1-41e8-ad02-4c0deccc708d,0.26029157638549805,1,cat
8634899263_5ce2555806_z.jpg,7bbf4d57-9024-420b-9307-16dc0202271c,0.27359604835510254,1,car
3604271495_1cacccec06_z.jpg,9fbf0120-bdbf-471a-a8ad-29ca57eb57dc,0.2898237705230713,0,bicycle
6168484879_e6b9644722_z.jpg,de2c7ba9-7f3a-4801-bde3-55589c284503,0.27593159675598145,1,car
6238072987_89f2925563_z.jpg,fbff0a19-8c34-4dbd-8341-810336956ce5,0.30414366722106934,1,dog
8591221048_8fe555a40c_z.jpg,9a07320d-62b5-43ea-ae34-58603959c1bc,0.27776432037353516,1,dog
36110689_9cbbccb36a_z.jpg,0c8b4021-26d8-44f1-81a8-fdea9224009c,0.33917975425720215,0,dog
6985531639_71621c1e69_z.jpg,f7a907d7-ecb9-433e-a0a4-dc728531dfc8,0.26598072052001953,1,person
15617633365_316afedb8d_z_degraded.jpg,2b9f3fda-6013-45ff-8884-feccd87d3f88,0.43844032287597656,0,cat
15196353300_2dcb1a1948_z.jpg,313a514d-9b42-491f-9c05-a04dbb78387d,0.2766711711883545,1,car
2370036280_507a07c953_z.jpg,055b813f-d13d-4ca8-ac20-ca7957cc7fd8,0.27863430976867676,1,car
6985531639_71621c1e69_z.jpg,86dea3e8-4ecd-42bb-a383-891fe2c62e47,0.27756190299987793,1,person
8922688952_9cacbffe29_z.jpg,a28c158f-aacd-4940-b18f-ad4e124de1c3,0.2627828121185303,1,person
5753318048_1cde42cb1f_z.jpg,20f1d782-b500-45cd-a33f-94623366ef4c,0.30967092514038086,0,dog
14711690133_019fe56eb5_z.jpg,8ea59238-6ebf-44e8-b5ae-56bff780d94c,0.27259206771850586,1,cat
3141821008_3743fb8be5_z.jpg,143a3b28-9746-4f34-841a-86445c0fafce,0.35421299934387207,1,car
8106854318_06c1cc0fc3_z.jpg,13832ed8-b0b3-4ee7-9aec-58e5f78df383,0.34551262855529785,1,bicycle
5481347426_620620145e_z.jpg,ddd3d49a-925f-41b8-825a-9af0a051377d,0.30274248123168945,1,person
5877730305_f5e3d13667_z.jpg,7b8e5fdd-da70-4b17-a07f-81020b2a1926,0.26431870460510254,1,bicycle
18608021442_84f7dcfa5c_z.jpg,e5e92071-7d6c-417b-8cfb-d4bb3c68ae9b,0.3414008617401123,0,bicycle
2392419690_8495e2b2c9_z.jpg,b8acb358-af04-4e89-9e93-1c308c07a76e,0.3269379138946533,1,person
4597825116_8ec71a76cf_z.jpg,2e11ae45-b293-4a33-8e49-f6b8b94f0cd4,0.30581235885620117,1,car
7035751851_15d745cf2c_z.jpg,c54c8901-dda4-4822-96e3-63f9ff1674b3,0.309185266494751,1,car
9031823026_3e55960d76_z_degraded.jpg,75469bab-fd9c-465d-a68b-00dc89f2917d,0.2747678756713867,0,dog
432591931_4789d0f0f1_z.jpg,d4b8585b-ff96-4b6f-b78a-a139da01bc0d,0.3268096446990967,1,car
13340204053_873cda4cef_z.jpg,e277d95c-110a-4228-bb87-428974be9248,0.2652287483215332,1,car
2882148223_72d4df2a8e_z.jpg,597bf054-0662-4895-aa0f-9b43c0b07d86,0.337857723236084,1,bicycle
4282546783_10b5e0a62e_z.jpg,e2c508bc-354c-4abd-9ba3-08d3d8491cfb,0.32415056228637695,1,person
18068160735_6c2f214265_z.jpg,64676683-129d-4bbc-a9d5-a473130e59f5,0.3280801773071289,0,bicycle
6459633873_5effb4b6e5_z.jpg,5bb7977e-9b14-49dc-ba6e-937a900cf009,0.271787166595459,1,bicycle
3607850542_a3577913d7_z.jpg,fbabd292-799a-4de7-b8b8-f25944fdd03c,0.32970333099365234,1,cat
8265517869_53c5fb3eff_z.jpg,ab192351-386a-4b60-baf1-c712fe7584b1,0.30306363105773926,1,car
14507981482_c50d893620_z.jpg,b704fc43-ce04-4229-bf9d-e46d2da54f00,0.34380388259887695,1,person
4730790029_bdc24fcb8c_z.jpg,6207c2b3-010e-4be5-8779-19fe43e129b2,0.2863748073577881,1,cat
1553312291_c0cae48a37_z.jpg,479582ba-405e-48ed-b355-339c4c0209eb,0.20068883895874023,1,bicycle
16789366715_633121f7bb_z.jpg,a632d293-5d0e-4c21-9150-1def247c1193,0.2978854179382324,1,person
3666190087_ca2fb0d709_z.jpg,c947da57-4cc8-44ed-943d-fbcd487e3880,0.30486178398132324,1,bicycle
5652496789_70e6f301e9_z.jpg,012164b9-28e9-492b-9be9-7b9be984a850,0.2878143787384033,0,dog
15091650494_d8a5f37637_z.jpg,5be09bf7-aa28-4fb5-b961-8c41f070fe00,0.30455780029296875,1,person
14351072751_334621d203_z.jpg,953d4da5-3e7b-45b0-8e24-f5b4b65e6dc2,0.3313777446746826,0,dog
2918687630_5108e3e2ab_z.jpg,bef16f4d-2a21-4d4c-99dd-384ec7f5b224,0.2915956974029541,1,car
8526465743_29a9320d16_z.jpg,a002d5ab-5496-4429-bf40-1d5d702de29c,0.40304994583129883,1,cat
1444579876_8c02edf580_z.jpg,9f551237-604d-4e3b-b978-d014351635e8,0.3274202346801758,1,person
31792151_e1e4c47427_z.jpg,f5053406-9042-4a45-8f6c-4da06b371a92,0.2718644142150879,1,cat
3413987789_b607473327_z.jpg,f90b527b-f69a-421a-9312-a60b2f07705c,0.3302748203277588,1,car
16106543870_2f167db1e1_z.jpg,cad05b60-1dfa-4e72-b47e-feb4544035df,0.30536746978759766,1,car
8132134109_24eaa95e21_z.jpg,e0e75eda-881a-42cc-bd3a-6f9ffe6e733d,0.2377033233642578,0,dog
11335325886_75cf456ea8_z.jpg,c9ac2923-e2b8-495f-ae49-f48348978251,0.3831789493560791,1,cat
5007439610_5bb351fc1f_z.jpg,57863c97-fe9e-48d9-a38c-e3fe773718fc,0.3233764171600342,1,car
5290576324_881daf8265_z.jpg,9fd22292-8d89-4736-89e3-cec10aa44a62,0.3161330223083496,1,dog
2215395014_24a2f8184c_z.jpg,eeaa8ec4-119c-4daa-868c-8faa05065c5a,0.3510303497314453,0,cat
11709285374_bbb0e09e4e_z_degraded.jpg,5d17722b-8672-4553-b61f-b0d7ac2fea95,0.330441951751709,0,dog
8651904899_c2632fe751_z.jpg,f3d7686d-4e69-4135-aad8-56c12c764c35,0.2602381706237793,0,bicycle
3197300261_4e5e9c5e3e_z.jpg,4ca7dc0b-aeeb-4229-88d0-6f9ba395cc2d,0.42429494857788086,1,dog
14652913468_5d3b2a39f1_z.jpg,f9c019a1-3b52-41eb-9ee0-a8fb3b48e990,0.32106947898864746,1,bicycle
14265143426_0770389597_z.jpg,6b2caf74-06a6-43fb-955c-401a541c44d7,0.26937198638916016,0,bicycle
2698863450_3a10857081_z.jpg,20e27286-0ff8-4e03-a495-655732b1cada,0.3830420970916748,1,dog
5425389979_390e3f3881_z.jpg,c3e4afb1-bf14-4e26-9a1c-17e54ae2991b,0.3096606731414795,1,person
2918687630_5108e3e2ab_z.jpg,2fcaa2f3-2f88-4c1e-9859-96ef9f68806f,0.27915191650390625,1,car
7166182137_a5679c9fa4_z_degraded.jpg,300eb287-ad63-45ca-9724-3925161f87cd,0.28115248680114746,1,person
5048937296_7c707f1d71_z.jpg,1e0afa2e-0ff1-49fc-8b92-10d2764bf7ff,0.373584508895874,1,cat
3595778703_d3bec2f74e_z.jpg,1fdf1265-de9f-4712-908a-257afbee4355,0.3233025074005127,0,car
342659307_d5d9d36af5_z.jpg,5fb2736b-54e1-485a-a8a6-64b9a2834364,0.21566009521484375,1,car
7475018518_6c715a96c1_z.jpg,bb0607ec-1727-4b1c-af1f-56c6ba2a923c,0.2867252826690674,1,dog
2882148223_72d4df2a8e_z_degraded_degraded.jpg,a518991a-287d-44fc-854d-e7190257d29d,0.305924654006958,0,bicycle
5484042252_37ce385b5f_z_degraded.jpg,bac2359d-6de6-4c65-9b12-ab9dc5ba017a,0.3010904788970947,1,car
6111783458_61cc1f0f88_z.jpg,a705df23-4667-4e9f-bfea-14f91e8faa9b,0.28690218925476074,1,person
19577109682_a0282d8678_z.jpg,12f46391-1a3d-471f-9d33-eaa577b0cb44,0.29888391494750977,0,car
15235483580_08696e0988_z_degraded.jpg,40a7c4c3-323d-4706-a64d-a02a0c5db181,0.300708532333374,0,bicycle
7166182137_a5679c9fa4_z_degraded.jpg,72e057e4-175b-420c-b7e9-498f34cf3bed,0.28888821601867676,1,person
8591221048_8fe555a40c_z.jpg,e8517d2e-a6cc-488b-9d14-e573ebdb4c65,0.29590845108032227,1,dog
422908475_7be8fe7338_z.jpg,298aa040-fe39-4a09-90f6-0db5a57b936d,0.36504173278808594,1,cat
5971377496_abc7d794c7_z.jpg,9f62e2ef-b92e-4d41-9b24-643dc348af5f,0.3092355728149414,1,bicycle
7742706992_27215ef7f8_z.jpg,2063b9b7-2d98-4054-a06f-f869d299d76d,0.2878882884979248,1,person
16658372825_affc436763_z.jpg,77d9c201-611f-4b56-b5f8-54f2fdbf15e1,0.2479405403137207,1,person
8572756223_94130c5e61_z.jpg,2688c1eb-b757-4136-bbcd-8a2f3fe9aacf,0.3101956844329834,1,person
414586991_9630094229_z.jpg,61fd570c-c24d-4b65-9086-0af9a6bd2936,0.3486180305480957,1,bicycle
5425389979_390e3f3881_z.jpg,20663d6e-bcd0-4677-b0e4-048625a7d8e7,0.30544543266296387,1,person
3595778703_d3bec2f74e_z.jpg,c954cfa2-48ea-4625-a475-b02fe958a8d4,0.3269073963165283,0,car
15543230406_71c5a59208_z.jpg,75888f2e-3627-4f26-8d06-6a13f3f5576c,0.3009068965911865,1,person
8183126241_e78c7f86ba_z.jpg,0d7dac85-e6fe-450a-a530-b278d8f4b43e,0.28328537940979004,1,person
202416281_527efb7418_z.jpg,78294940-4826-4ec5-a54c-ce99bb5f385e,0.30394983291625977,1,person
750912399_32f415ecb1_z.jpg,20959fb2-2941-4eb7-8ca3-3dc1d8fd009f,0.3191711902618408,1,car
20264405486_14055e8288_z.jpg,2e159c13-5894-487a-b88a-655e24db660f,0.3276820182800293,1,cat
489195247_b908298ee6_z.jpg,d8d7e2fd-daad-4b4a-9d6a-ea0f616900aa,0.3097543716430664,1,dog
777472482_5eae8617bd_z.jpg,650305c6-9232-407d-99d9-06757185a095,0.30779433250427246,1,cat
738798561_2d54b53ec5_z_degraded.jpg,e48dee16-3317-4979-bc1b-57171204cd42,0.31262779235839844,1,person
2392419690_8495e2b2c9_z.jpg,c045af47-e8a9-437e-961f-10291dfc0115,0.33445096015930176,1,person
9755183855_953c4f062c_z.jpg,543b523f-6e22-4ed9-9153-8927254888aa,0.28060245513916016,0,bicycle
9141188655_328b195d8d_z_degraded.jpg,4cee9ba4-4cab-4bfd-a6e2-ae1105af116f,0.2911033630371094,1,bicycle
9238365388_d2bb1bb2e4_z.jpg,ba49d7bb-1bce-494a-9b49-010c617d457c,0.28637099266052246,1,car
3446761063_9cdc26f36c_z.jpg,a377b69f-e830-446a-975b-12fb6ab61cc2,0.2582559585571289,1,bicycle
3959888385_3580cd572c_z_degraded.jpg,80136792-b627-488d-82e2-c0fa89231624,0.3434438705444336,1,cat
3679100484_a8e3044e55_z_degraded.jpg,a49417e8-59f6-420d-91f9-cd727facce5e,0.30738019943237305,0,car
6431153899_9ac59a36b4_z.jpg,7a6bd15b-3481-4a7b-a58e-54774837020d,0.3122398853302002,1,car
7664570690_6ab2f0ab5d_z.jpg,76ba9192-ecdd-4e9e-94cd-e57b2854ec94,0.2961771488189697,1,cat
33580840_a67c2b796a_z.jpg,efb5ad24-64bf-4e4c-8d46-19bfca3aebf1,0.3348267078399658,1,cat
17594682014_fcd2ac5ca3_z_degraded.jpg,60dbbd29-475f-4914-a307-c65fbdac7d0f,0.31821751594543457,1,cat
3679100484_a8e3044e55_z.jpg,39f377b0-5520-47e6-a05c-6192d1cfcec8,0.31078219413757324,0,car
12041194676_da91e0d068_z.jpg,50ef584d-f080-4201-8811-95310743baf1,0.28353238105773926,1,cat
31792151_e1e4c47427_z.jpg,82f58b66-8cdb-4b52-a15f-550529aa9880,0.294527530670166,1,cat
82706249_bf54b24c4e_z.jpg,fbffa824-e717-4411-8887-79ce45410168,0.16976141929626465,1,car
6010263871_df93fb6382_z_degraded.jpg,b20498df-aeab-486e-a01d-bfaa5a99ea2b,0.2752230167388916,1,car
5210291488_fe9939bdf1_z_degraded.jpg,485e465a-843f-4508-89af-f5fef9afb770,0.24628782272338867,1,person
5877730305_f5e3d13667_z.jpg,e6e5c977-59fb-44e4-8f14-753ba1a821ee,0.2909855842590332,1,bicycle
9002629162_51388d1396_z.jpg,e555eb9a-52b9-4e2a-bb81-4278ee5f2e2f,0.26033949851989746,1,cat
16278721974_968bd6bbcf_z.jpg,ef05c82c-8784-4a59-8478-a120f9503a97,0.24566388130187988,1,cat
4163439575_7c6a260e8e_z.jpg,4448e6d8-211e-45ce-985b-6ffa855ddd1b,0.35907626152038574,1,dog
5007439610_5bb351fc1f_z.jpg,b24b98e7-7b56-4a89-922c-4714c5b2aa6a,0.3069143295288086,1,car
3666190087_ca2fb0d709_z.jpg,6d7020fb-6d40-49c8-bcba-91ad2dbd3073,0.318286657333374,1,bicycle
6117174227_6e5da0556b_z.jpg,58beb7cf-3ff8-47e2-8b66-e3bb5e4535c4,0.2692680358886719,1,bicycle
414586991_9630094229_z_degraded.jpg,692220bc-8e27-4123-895c-f9c58217a205,0.3559610843658447,1,bicycle
506974894_b74672813b_z.jpg,527d652a-2e8e-4274-944a-e1ea0ea4f937,0.2941617965698242,1,dog
3582713912_3d9ac5ecc9_z.jpg,81d06a47-d36a-48c6-844b-5ad8d109aaec,0.3087296485900879,1,cat
10921149963_027e750820_z.jpg,0ed97c9e-6538-49e2-b67b-55a69ac420e6,0.27628588676452637,1,person
3715997008_28a251eba7_z.jpg,7708f60a-8b98-4412-ad2e-5198351ce7a7,0.28441858291625977,0,bicycle
2166320847_63a04a9303_z.jpg,90bfc901-4568-4310-aeda-c6a196efbfe6,0.2838411331176758,0,car
15516450642_4fffe9be37_z.jpg,58a34190-8360-4fd6-90c0-8839bbcf092d,0.40679240226745605,0,cat
5763085728_cd042a4cb0_z.jpg,27efaadc-2033-45c9-a0f5-b9dfe4750208,0.28323817253112793,1,car
5021039430_0cda148fd5_z.jpg,f9ce719d-f265-481a-9fb7-aa774d8d6723,0.27840757369995117,1,bicycle
5877731495_29cc1a6c57_z.jpg,f92866c4-2548-45b0-9c28-44403bc2d7d0,0.27309107780456543,1,bicycle
3959888385_3580cd572c_z_degraded.jpg,0c5c596d-7d49-404c-baa2-cdff8f8abc04,0.3287367820739746,1,cat
3283350420_d2b4b8fef3_z.jpg,442d4f09-df2e-4073-8b65-616798a9cbea,0.2625746726989746,1,cat
13472183804_b6c8633f6e_z_degraded.jpg,7171d27b-b96e-4b4f-a5e4-6678e3b64926,0.33530306816101074,1,dog
6309741882_b074ee1a96_z.jpg,d3f1f980-66c1-4470-bb93-5153a053b2b2,0.328261137008667,1,person
7475018518_6c715a96c1_z.jpg,1830992b-a4b7-4d6f-8e2b-df6036474762,0.28445935249328613,1,dog
1570513225_265b529538_z.jpg,99cc4941-15a7-4070-a13e-522ddf1ed9c9,0.28273701667785645,1,cat
14265143426_0770389597_z.jpg,a999a0ab-0d29-4543-836a-c75168c2ef54,0.2701725959777832,0,bicycle
2230295891_a68077f047_z_degraded.jpg,7a723362-1287-42e8-a26a-75b4890c09a9,0.28148484230041504,1,cat
34095624_ce7c705614_z.jpg,40c3930c-914f-4052-bde0-2b41cced7a24,0.29664182662963867,1,dog
12041194676_da91e0d068_z.jpg,2f976c16-7615-4d67-b342-87dc95d03894,0.28011560440063477,1,cat
5826499075_8c91ec270b_z.jpg,c224ea2e-7d1f-4f04-bb17-ad8d840b9c53,0.2999258041381836,1,person
5652496789_70e6f301e9_z.jpg,90409d0c-86ca-4804-9b3a-c1bcda20fd6f,0.27509188652038574,0,dog
777472482_5eae8617bd_z.jpg,65be7d75-d940-416e-a441-0b45d363202b,0.32259249687194824,1,cat
3069852951_85b984b709_z.jpg,3534c902-b3c3-4ec9-8512-1bd49d34a1c6,0.31668710708618164,1,cat
2999108747_2b1e0ac45f_z.jpg,257a840a-e241-44d9-8a91-f734867f28a4,0.3045964241027832,1,cat
2136213674_4e484d88e3_z.jpg,b72110fa-4ebc-4e89-a0d5-3d64e71dba82,0.30532312393188477,1,bicycle
2136213674_4e484d88e3_z.jpg,44ba3e1c-055e-41f7-9d22-d75cef9564fe,0.3092169761657715,1,bicycle
6985531639_71621c1e69_z.jpg,dd0e314d-2059-4d40-8b2c-7a44b0a0ac83,0.27694082260131836,1,person
3069852951_85b984b709_z.jpg,38edbf93-94b0-4e23-b11a-17bbe722b5a8,0.32918357849121094,1,cat
2784964324_0b0373fd24_z.jpg,c9ca28f1-988a-4a53-9384-a1eb3272fa02,0.31129884719848633,1,bicycle
5589760101_cf3ec6080e_z.jpg,9f67cb0c-d8e6-423b-a524-c59bdefd7f06,0.2660086154937744,1,dog
7283869010_60b2e311b5_z_degraded.jpg,018887a0-d45a-4182-a3dc-b822178c7590,0.3746063709259033,0,dog
12041194676_da91e0d068_z.jpg,2ef842f0-c817-4105-85f1-6b3b87123a9b,0.28330254554748535,1,cat
7581740758_a1c5cf246e_z.jpg,07639ef4-6ee2-4b60-b66a-06c618f9861a,0.27991557121276855,1,person
738798561_2d54b53ec5_z.jpg,ab7ff551-44dd-443a-9f5a-7e69694f3c25,0.302396297454834,1,person
6141562070_11880edf2e_z.jpg,e7ecac2b-6552-4688-b9f5-46f98201be25,0.2746763229370117,0,bicycle
2258982401_762044a41d_z.jpg,6d98fa5b-252c-42f2-9a07-1eaa1c797af8,0.33011913299560547,1,bicycle
189076128_ee6f694a30_z.jpg,8933ebc8-4ad0-4a1c-90c0-b549135127e3,0.2624077796936035,1,person
4444608672_0fa9174b62_z.jpg,e990caa1-9ab7-48fe-a3c7-6746adcaaf7c,0.2766458988189697,1,dog
19309035192_8666b8c4e2_z.jpg,2c322ecd-0ffe-4221-af23-faf4d5d61ca8,0.2932240962982178,0,dog
19474810921_d2f23de0fc_z.jpg,eb0fbb19-8446-4154-80b8-8fcd754aa5b8,0.33333492279052734,0,bicycle
11101898274_dcf6061b20_z.jpg,0264d00e-eeb2-4210-a1fb-36bb2e912217,0.2888612747192383,1,cat
1444579876_8c02edf580_z.jpg,5e46819e-6286-40ac-9ccb-da2c82541ab4,0.31753969192504883,1,person
14652913468_5d3b2a39f1_z.jpg,d7b6ade9-3744-40cb-bfb2-651da05c0bf3,0.31265950202941895,1,bicycle
3747524_f07f508ba9_z.jpg,51074bbb-1d47-4fc1-b30d-b8d6bd93495f,0.313845157623291,1,bicycle
2433596596_377bb91619_z.jpg,5be9bc99-1262-47b6-915a-2bbd3ecbea81,0.3375358581542969,0,dog
258460789_c4baeb300a_z.jpg,79d71d11-0ad9-4ef6-9d33-4f25e51597f4,0.30847692489624023,1,cat
34095624_ce7c705614_z.jpg,ecfd48af-3712-4043-94a8-9c1947bfedef,0.30962467193603516,1,dog
3290610375_c742148226_z.jpg,fdf77271-2f20-48f5-868c-52ef1094032f,0.2924535274505615,1,dog
5336089950_d2f4618519_z.jpg,64cad601-c160-4cc7-9cec-ccb69027951b,0.2462317943572998,0,car
858829152_629399f0a4_z.jpg,b3fcfcbe-9a02-46cd-ac82-f69bedb1f38b,0.3204493522644043,1,cat
750912399_32f415ecb1_z.jpg,fe246354-3ab6-4063-9829-760f192dd865,0.3147695064544678,1,car
340359612_df41037e73_z.jpg,878b23a7-6ffa-4e8b-a00c-e8d9c13b4c1f,0.27164769172668457,1,car
2946145533_75f5268f19_z.jpg,4114d2df-9c6d-48c8-86cc-3b24a6de626d,0.33345961570739746,1,person
2040136228_41c284c2cb_z.jpg,abb1a0ea-93a2-4439-b895-b792606a44a9,0.33046698570251465,1,dog
2784964324_0b0373fd24_z.jpg,dffdcc0d-7582-4506-9444-1e93cf41d6a4,0.3171069622039795,1,bicycle
2538610337_8cbdfed59e_z.jpg,1b9a14d4-6592-4c78-8f98-e38017a924b7,0.4128267765045166,1,cat
4349979920_189df35e15_z.jpg,906a80b0-7642-4aa8-8c5b-0af4a4a6ece0,0.3277585506439209,1,bicycle
1428837563_12ec867e05_z.jpg,b7287b10-018c-4090-966e-4b4cec81bf13,0.3159196376800537,1,cat
7475018518_6c715a96c1_z.jpg,927d630e-0ed4-4890-adee-68f8e4e93d78,0.2922325134277344,1,dog
6062750656_89284163db_z.jpg,9df811ff-9388-4656-8bd2-d0b164bae840,0.2852489948272705,1,cat
16106543870_2f167db1e1_z.jpg,5f428492-7239-4854-bb93-d46116a09b97,0.30938720703125,1,car
105398161_799ded9b2a_z.jpg,eba0564c-b85b-42e3-b85c-0e15540d3b13,0.31668949127197266,1,dog
5575004957_c281c5de1f_z.jpg,4315a3a5-251a-464b-b1ba-7df378f06a7b,0.306354284286499,1,car
19299023856_077e45c472_z.jpg,66a22b77-f96e-4c99-bf65-ae0723c8a7d1,0.2682366371154785,1,car
16658372825_affc436763_z.jpg,c0ac143d-e252-4dd1-95e7-27261ea74e3a,0.23597359657287598,1,person
4349979920_189df35e15_z.jpg,814dcb20-45a4-4585-a04f-f5733c7a1e97,0.3183612823486328,1,bicycle
4479906928_4ab0604d1c_z.jpg,268f7a5b-e2f6-4f4c-842e-78732efd88db,0.3090858459472656,1,person
5753318048_1cde42cb1f_z.jpg,aab53887-2b73-43b2-8749-c104858bc700,0.3278086185455322,0,dog
19299023856_077e45c472_z.jpg,f80e4c71-2e0b-48a7-84ab-20ca9cf6ed44,0.27139711380004883,1,car
5484042252_37ce385b5f_z_degraded.jpg,3a7ef5f7-e277-48da-ba1c-726f35922d31,0.3111264705657959,1,car
15584457029_80b75274db_z.jpg,3cbee7ef-410f-435c-9a88-2584128f6702,0.2870187759399414,1,cat
6062750656_89284163db_z.jpg,61c36a48-28a2-4d17-8c1e-2e5c623f7eea,0.28713464736938477,1,cat
3300269400_c276d7a1a7_z.jpg,5c4409c4-9654-49c6-9f73-1be21c9146ac,0.31142497062683105,1,person
14711690133_019fe56eb5_z.jpg,9e94d1f6-c7d2-42e2-96f1-dedb710b51ef,0.28673291206359863,1,cat
7035751851_15d745cf2c_z.jpg,7d64507d-9643-4b9e-979a-c4fc87654b9e,0.3052546977996826,1,car
15237426722_a51d199f2f_z.jpg,450907f2-e859-44d6-8e5d-a8e38ecb1a34,0.33500218391418457,1,cat
138805025_80da2e3a82_z.jpg,60941306-7851-4e02-845c-de41644efa3f,0.3148503303527832,1,cat
14628257582_1ff5e98e4c_z.jpg,6a8a56c0-f976-4fb4-842b-fc66f946f5b3,0.28284692764282227,0,bicycle
4380790081_1cbcb573ec_z.jpg,d67cee56-77d7-4c28-94f4-d5ea1c9ed46e,0.2803351879119873,1,person
6180200475_fda2795252_z.jpg,68fd1b53-a102-45a0-90a2-79d9619b6c28,0.30133509635925293,0,cat
8343384446_ebe3bc86ce_z.jpg,58ddc096-a7b6-46db-a448-cdacf5d15d92,0.38817667961120605,1,dog
7110476047_267467ee68_z.jpg,1ef94a8f-7eab-4a7e-9045-a5b51a4b2daa,0.30045294761657715,1,car
13368340424_5c1f322f72_z.jpg,4be3e0e9-1d23-455c-8d21-1ea1f218fb0d,0.32799553871154785,1,bicycle
6431185703_6c72dd7b5e_z.jpg,3dfd47f1-8b80-4787-a90a-2174cff74663,0.2689197063446045,1,person
3582713912_3d9ac5ecc9_z.jpg,79731fc3-68c4-4b42-884e-4cf40baa80e9,0.3159606456756592,1,cat
528252616_a57e6257ff_z.jpg,2b2c9a67-0d66-464a-93e2-22e41841f925,0.32091474533081055,1,person
2433596596_377bb91619_z.jpg,0cdad738-f5cb-4de7-b27d-0152a19b3236,0.31777000427246094,0,dog
8399932836_19c21d3779_z.jpg,dae88b8b-871b-4395-b89a-0aca63df23f9,0.3607659339904785,1,person
16433605163_8c9393beb1_z.jpg,08164ec4-5a77-428f-901c-0a644f1d6ef2,0.3167746067047119,1,person
15983066535_629c335c63_z.jpg,80ea6797-88ca-44d3-a50f-aa1f28f31f99,0.2657639980316162,1,person
4349979920_189df35e15_z.jpg,a4741d2e-b582-4074-bf19-a60c5cbb5146,0.32272863388061523,1,bicycle
3409776362_07a8bb7f17_z.jpg,aff0b243-aeeb-462a-bf46-5b070f8ea214,0.33968663215637207,0,person
14289042367_a041af95f4_z.jpg,fa325f5f-c59b-450f-a692-7c1e63297104,0.28586459159851074,1,bicycle
2433596596_377bb91619_z.jpg,31aef8c6-c426-47b9-b748-e0ccd9c98a6a,0.30758142471313477,0,dog
19299023856_077e45c472_z.jpg,26dcf58c-f00c-44b1-b5f6-aba50365b521,0.2713661193847656,1,car
5210291488_fe9939bdf1_z_degraded.jpg,c6b5f351-e8c2-4d16-83a8-0d2150a14957,0.24981927871704102,1,person
5827517048_a890acd7e6_z_degraded.jpg,bd062338-6ad7-4d4b-96b0-b57b9b8d9818,0.26274776458740234,0,dog
4484760806_dc814d2ce2_z.jpg,b02b0079-3ca3-4edb-800f-b4c0036ce7ea,0.27480268478393555,1,bicycle
3413987789_b607473327_z_degraded.jpg,d65484ee-c836-4278-928b-c10b1acff224,0.3228754997253418,1,car
2882148223_72d4df2a8e_z_degraded.jpg,b23d2930-27f6-49b7-8ca3-0db2f59bd28b,0.3152496814727783,0,bicycle
3595778703_d3bec2f74e_z.jpg,4d113f39-afc2-4c88-a677-1f8cd034927c,0.30240321159362793,0,car
211850545_7f670901ab_z.jpg,97891082-38a9-4f85-bc6a-cbcfb55ba03e,0.2864978313446045,0,car
2433290346_8482cac895_z.jpg,2f5b567d-91d5-4dfc-8879-aa918c943c6a,0.29244256019592285,0,car
16599186017_25f46b7511_z.jpg,73c04637-be7a-4ee3-9896-a8788e33e9eb,0.41475892066955566,1,cat
20959877010_552298f5f8_z.jpg,ad446b6c-0da9-4243-a08a-5d9f2c2b5f07,0.24284958839416504,0,dog
7163490183_0dff14b5d6_z.jpg,5cbec231-fa26-420f-a6f6-623d44dde40d,0.23465895652770996,1,person
3157735385_c9e7580f03_z.jpg,22ed9abc-a952-48f9-b47f-519b2067816a,0.2954432964324951,1,car
13314143603_95d63b5748_z.jpg,a87c808c-2172-427b-9015-3bd4f41ff378,0.3225748538970947,1,car
20646999908_c3400d3ef6_z.jpg,7623b11c-bd30-4ec9-be0d-82902fac577b,0.3196122646331787,1,dog
2999108747_2b1e0ac45f_z.jpg,017dfcec-e651-4c49-9724-76d68327f176,0.31105637550354004,1,cat
14711690133_019fe56eb5_z.jpg,7bd2c05c-a1d5-481a-a572-8df7f82bc33f,0.2917978763580322,1,cat
15091650494_d8a5f37637_z.jpg,f9eb9f95-42bf-42e3-abe5-596e3f8766d7,0.29192638397216797,1,person
15038212434_9e0e575008_z.jpg,72e7e0fd-1246-4391-a95c-3b809d854999,0.4067070484161377,0,car
2433290346_8482cac895_z.jpg,43a40f61-163f-45d9-bd6b-e80786175517,0.27936339378356934,0,car
3442716929_7a26250063_z.jpg,0f61c05a-6d34-4b66-8f91-807e972bb153,0.2849130630493164,1,person
7175939730_9a03853d4c_z.jpg,6868dc3c-13e5-4697-af60-d0923aca7461,0.2998175621032715,0,cat
13314143603_95d63b5748_z.jpg,4369b767-0998-44ac-8526-cb8366978130,0.31772923469543457,1,car
953262953_340a098204_z.jpg,4a8b1a18-3193-4ed3-b9bf-b9e06bf54706,0.2562694549560547,0,car
14869105327_a74f23fa8a_z.jpg,bee90479-502a-41ad-be06-6b8222eeb80a,0.4160890579223633,1,dog
11709285374_bbb0e09e4e_z.jpg,92071bd7-b2b0-49c2-bfdb-99ce2a4eff08,0.29079484939575195,0,dog
11381011104_36225e2ccc_z.jpg,bca99588-93d9-4c15-bae1-616f26e126e2,0.36716651916503906,0,dog
3582713912_3d9ac5ecc9_z.jpg,4b168765-d640-4149-942f-2bb03d7c6b14,0.3105623722076416,1,cat
31792151_e1e4c47427_z.jpg,009db9e0-e310-406d-b517-76ffec48257b,0.2819790840148926,1,cat
5594762666_e157f338f0_z.jpg,49e6334c-d2bd-486b-8681-90e722ebc069,0.2837331295013428,1,person
9157606630_2ef852a3ee_z.jpg,32e26ac3-b374-465e-b5e7-2a4bd5016ed6,0.28771305084228516,1,bicycle
14507981482_c50d893620_z.jpg,687a6744-c351-4291-87c7-6a08beb02a6a,0.3122899532318115,1,person
414586991_9630094229_z.jpg,5f51a0c5-3e05-4906-8daa-2dc7c5769a4f,0.3577907085418701,1,bicycle
2177634493_51ca0597e2_z.jpg,a0099eb3-a906-4b1b-afab-c3b08f39a65a,0.4215264320373535,0,dog
2768961204_712996d2bd_z.jpg,40b257d8-471c-47e2-8554-9425eb8e9821,0.23755598068237305,1,person
16104664631_cce4a9a58c_z.jpg,5e9d337e-b8bf-428f-867b-27eb76c1ab88,0.29988884925842285,1,person
19309035192_8666b8c4e2_z.jpg,1d37e271-bcea-460f-8f2c-4418bc51e043,0.31981921195983887,0,dog
82706249_bf54b24c4e_z.jpg,ee58d46a-d9a8-49d2-8011-4a3ba532d74a,0.18029499053955078,1,car
15038212434_9e0e575008_z.jpg,2e70ef15-5329-4f5d-9c92-1c19f5528c0b,0.3907454013824463,0,car
2999108747_2b1e0ac45f_z.jpg,5ba3be48-71dd-43bb-a53d-0b90a1a4be1d,0.34575700759887695,1,cat
2788056049_b71f8998c7_z.jpg,725faaf7-3fee-4d32-95da-3933b1832d49,0.3110837936401367,0,bicycle
5402229494_570e48f7f9_z.jpg,6b1b722d-2935-4bf3-a964-31bb9652afd3,0.3139498233795166,1,bicycle
319365750_c6ecd7afbc_z.jpg,67ae5737-4a9f-46be-85a6-63d2f5a82b89,0.3086862564086914,1,dog
20959877010_552298f5f8_z.jpg,ba237bf0-6e92-49df-ba75-1bd20e9bb0f9,0.23792123794555664,0,dog
1444579876_8c02edf580_z.jpg,1a3a083b-79c7-434e-bf1e-e94ad737ac33,0.33170223236083984,1,person
6455179889_6db5a93bfa_z.jpg,9e20989b-beea-48a5-b140-bc1cfde97c94,0.32602882385253906,1,cat
3413987789_b607473327_z_degraded.jpg,ac6815fd-5435-455e-b2a8-d62bb4537bce,0.31131649017333984,1,car
15071673457_0703cea442_z.jpg,5d27e430-e332-468f-a611-f85f2caf40d9,0.2898068428039551,1,person
5007439610_5bb351fc1f_z.jpg,8a916a10-c05f-4333-895b-8673760043d0,0.31369948387145996,1,car
2433290346_8482cac895_z.jpg,013ee2fb-c5e1-4194-a4b4-eabf090d8816,0.2889382839202881,0,car
7166182137_a5679c9fa4_z_degraded.jpg,24e04459-2f27-4fc8-b487-51cb81878727,0.28806138038635254,1,person
8032610600_1dd81d41a4_z_degraded.jpg,f90a1858-61ee-49cd-8762-a53cf7402c65,0.27428483963012695,1,car
5506132265_d6d43548eb_z_degraded.jpg,d76ed4a9-08d4-4489-b0c7-456a1de686f1,0.2779209613800049,1,bicycle
5753318048_1cde42cb1f_z.jpg,35cb2e90-4733-4b8a-b18f-6f7792d86fd6,0.34735655784606934,0,dog
16107639462_07e2d4455d_z.jpg,ee9f5d37-cf37-4844-a5ad-7378ab376cbd,0.2683277130126953,1,dog
2179537346_d695661bbc_z.jpg,cda95e02-f5d3-4d52-85a2-5f75e7827f25,0.2761516571044922,0,bicycle
14351072751_334621d203_z.jpg,2d4eec14-6d05-4431-9a59-a03320d3ee3e,0.3301067352294922,0,dog
438887381_0a2a4e97e4_z.jpg,a2434f0a-da48-412e-bbc5-3eafdcbce8a0,0.26682448387145996,1,cat
7928462126_bb6f3a98bf_z.jpg,4d9a650d-ff6c-4a96-a548-10b7bee65318,0.3188023567199707,1,dog
7492624590_e473685314_z.jpg,6afcba70-f1e9-4931-99d0-27b01c05c9e6,0.40731263160705566,1,dog
412652687_4d6cb46129_z.jpg,402f080d-a7b3-466c-adb9-4c51d11c0f9c,0.33632588386535645,1,cat
2698863450_3a10857081_z_degraded.jpg,1cef2740-4be9-40c3-bd5e-0af412c54c87,0.3692970275878906,1,dog
5484042252_37ce385b5f_z_degraded.jpg,cd08da7b-02ad-4c6a-932b-eb4c77be431f,0.34366893768310547,1,car
3353007655_56889b94a7_z.jpg,00b836c4-705a-4dc7-ad09-29c471e8ce93,0.3199143409729004,1,bicycle
4597825116_8ec71a76cf_z.jpg,4c0df9d8-8c17-4bb2-8a35-abb198c525d6,0.3203120231628418,1,car
4122228889_3b69997e0c_z.jpg,c1072053-37af-4237-956e-d8c8b90cd5d7,0.30507922172546387,1,dog
5506132265_d6d43548eb_z.jpg,fcfe05a3-14d9-435e-8a07-964d49ab8ca4,0.294846773147583,1,bicycle
5466970559_0f7b06bcd6_z.jpg,dae4cdc7-7734-46a1-b928-5b058eac66c5,0.2859611511230469,1,car
13073061203_f7d640a8b3_z.jpg,59cc22de-83b9-45e2-b1eb-8588d5fcf264,0.28902196884155273,1,dog
3604271495_1cacccec06_z.jpg,fef72b7e-e81c-469d-aea6-951e18246b54,0.29866528511047363,0,bicycle
8031274301_1d9bc9b665_z.jpg,0f3f7837-60ac-485e-a2a8-2df446d76f07,0.26599836349487305,1,person
6499183869_45bb8908c3_z_degraded.jpg,1c2d9e10-1949-43c8-a719-5ff04111f5db,0.2789921760559082,1,person
412652687_4d6cb46129_z.jpg,4e1dc6fc-2cb6-4d17-98ad-ea39e784456e,0.29790592193603516,1,cat
16107639462_07e2d4455d_z.jpg,ed3cfd82-4e13-4e62-be59-ce4a410de9a1,0.27790069580078125,1,dog
2218544892_0ae9cb42da_z.jpg,d88bb414-8d7a-4a29-9a40-cb9c2f19d28f,0.33061718940734863,1,cat
3703720579_4a2cf4af15_z.jpg,cee062fe-6615-44aa-9112-813759fae668,0.31624913215637207,1,cat
15584457029_80b75274db_z.jpg,3088c0cc-8037-4a68-918f-817df3687fcb,0.2941114902496338,1,cat
9238365388_d2bb1bb2e4_z.jpg,3ca60afe-6346-428a-a35a-a147fb0e2daf,0.26527905464172363,1,car
3959888385_3580cd572c_z.jpg,86a7486f-b0ec-41bc-b6f0-423dd39ec54a,0.3306891918182373,1,cat
2258982401_762044a41d_z.jpg,47eb4b10-f6c5-4314-9387-21cf482a03fd,0.310640811920166,1,bicycle
16278721974_968bd6bbcf_z.jpg,e4839d81-900d-4e5c-8ec0-1b40288ef8f8,0.23160624504089355,1,cat
10915137264_e8c23d54b4_z.jpg,07d54b56-7d79-41ec-9246-ed6e275f3b09,0.2806065082550049,1,person
7928462126_bb6f3a98bf_z.jpg,f0dd87e2-d7b7-45c0-aecd-5b7f5a308ea5,0.28176045417785645,1,dog
11983632613_4efcf5f3d3_z.jpg,1310221c-1645-4230-8841-89ce052fd44f,0.2825913429260254,1,person
4625462281_7df55484bb_z.jpg,11078d1b-ef92-4a7e-a932-f9ec897c2dbd,0.29222631454467773,1,bicycle
5605719660_5bed05cca3_z.jpg,d82b43f8-5553-4e27-83bd-12b024d87c82,0.2661433219909668,1,person
1444579876_8c02edf580_z.jpg,13793db2-298b-485f-827e-f0d080c4b92b,0.3331899642944336,1,person
3850147043_06970bc680_z.jpg,9279e0a1-0621-433f-b433-2bdfd3e38082,0.3169538974761963,1,dog
2136213674_4e484d88e3_z.jpg,2fcb3916-b1b7-4dd5-9647-2624a6d6b114,0.31299519538879395,1,bicycle
3968015804_ac83717a19_z.jpg,8a7fa836-c91b-4dc9-8adc-2e31508cae26,0.29434704780578613,1,dog
677743874_168dcb5ed1_z_degraded.jpg,d84281ba-bf82-4438-bacd-d3816a680cfe,0.3111116886138916,1,dog
7417962302_a50fc8eb6b_z.jpg,a3a33fed-b455-4e92-b5fc-ca4c4593e76c,0.28765296936035156,1,bicycle
16954781749_4c32123444_z.jpg,e83fef54-3c83-4fc4-8574-81515f81452f,0.28911352157592773,1,person
6238072987_89f2925563_z.jpg,e109922b-78bb-4c88-8241-97f01308dcf2,0.31546711921691895,1,dog
1980856023_6049619444_z.jpg,a494326d-af5e-4196-951e-cba06b74c363,0.3018782138824463,0,cat
82706249_bf54b24c4e_z.jpg,297a0c11-20ae-425c-9aa1-888ac7574ca7,0.1889030933380127,1,car
3685504815_c15a389bd3_z.jpg,bda77e7b-492d-46ed-b6d5-200f75a8bd16,0.30525755882263184,1,bicycle
3959888385_3580cd572c_z.jpg,e002cdd8-e411-474e-bf80-c1646864780b,0.32036757469177246,1,cat
541124874_7247349bb7_z.jpg,6888aa7b-f59f-494f-a51f-a82fff014eb0,0.29046010971069336,1,bicycle
6499183869_45bb8908c3_z.jpg,9caa96d4-933c-4328-817c-a6d036aab7b5,0.27831149101257324,1,person
9549882142_c59c04bac0_z_degraded.jpg,87ed7d34-d30b-47de-9ddb-1c864f096f37,0.257554292678833,1,car
5589760101_cf3ec6080e_z.jpg,448193ca-a95a-4a0f-b98c-b6bd10f905bb,0.2912483215332031,1,dog
10915137264_e8c23d54b4_z.jpg,eeb5b18e-81ae-4034-81df-a06dd50b626d,0.2623741626739502,1,person
2258982401_762044a41d_z.jpg,8729ac81-91cb-466e-8d6d-56e028559d4e,0.3312108516693115,1,bicycle
81717243_2c9fcf3dab_z.jpg,6fbc0b6f-50bf-4622-b2d6-5b0d4980d03e,0.3172483444213867,1,dog
1444579876_8c02edf580_z.jpg,ed9e7316-0a42-48fd-87a6-9cc7f62cf5f6,0.31675052642822266,1,person
953262953_340a098204_z.jpg,88c91456-111f-4660-b702-30d8848a800d,0.28768420219421387,0,car
6217890759_2a6a04d1d9_z.jpg,e40f59fa-bd6f-4f60-b4bf-d0531ee6c635,0.28319263458251953,1,person
15038212434_9e0e575008_z.jpg,7f55c31a-8fb0-4905-93af-ae2c6402f314,0.4062778949737549,0,car
2258982401_762044a41d_z.jpg,e3b41d29-1be6-4b5a-bf45-c5929e045e8b,0.3142538070678711,1,bicycle
2918687630_5108e3e2ab_z.jpg,b352fc72-5ecb-48aa-88c4-4ee923de946c,0.289142370223999,1,car
890847666_ec8eaecf88_z.jpg,e6ef3c83-bda4-4a06-8667-93531e7c8ac0,0.33893394470214844,1,dog
5021039430_0cda148fd5_z.jpg,689b3d05-4bf7-42ae-9cf7-08839de3be67,0.2777111530303955,1,bicycle
15196353300_2dcb1a1948_z.jpg,c40ad479-deac-4bff-ab73-3738af0619c2,0.2790510654449463,1,car
1908136167_cae3414e7e_z.jpg,ce874f03-db78-435f-862e-c02a19415e6c,0.28090810775756836,1,bicycle
2592416858_f849d2ac8f_z.jpg,48ab2cbe-d8c2-4f44-bc54-9a29d47c5b59,0.30335521697998047,1,dog
3157735385_c9e7580f03_z.jpg,a9e62b48-fc69-4b63-8587-e918f4a93546,0.33281540870666504,1,car
2882148223_72d4df2a8e_z.jpg,498b0748-dd6e-4d22-b20a-0c7e4ef13eed,0.3146960735321045,1,bicycle
3844809782_aa1ce17781_z.jpg,13ca9afc-9f85-471d-8588-407a3511f280,0.3079392910003662,1,cat
6111783458_61cc1f0f88_z.jpg,747968b2-7155-468e-a82b-8cbfe0c4518f,0.2879347801208496,1,person
19577109682_a0282d8678_z.jpg,4cb63f87-1262-434d-adf5-1207d6a68a74,0.30152177810668945,0,car
1428837563_12ec867e05_z.jpg,8c09c6c7-0b20-4921-82fc-f8a3ce60dfca,0.3271512985229492,1,cat
5594762666_e157f338f0_z.jpg,d5ef92f3-9f4d-4c0c-be45-11198262c0a5,0.30174732208251953,1,person
2553120516_dd48754dc4_z.jpg,76d8801e-eab6-45d6-bb2a-ca207369a1f9,0.28292226791381836,1,cat
5298850167_d1e13e9551_z.jpg,81191ef9-4d32-4868-ab18-e3e8473818ba,0.24578595161437988,1,person
412652687_4d6cb46129_z.jpg,df688ba6-bc12-4bcb-8dd0-a402aaa9fb41,0.3132004737854004,1,cat
15038212434_9e0e575008_z.jpg,da4cc685-d315-4845-8530-401a38d1c607,0.4265446662902832,0,car
33580840_a67c2b796a_z.jpg,91e617ab-f877-40fa-b2e5-db4b4bb2606b,0.32204222679138184,1,cat
2177230709_086e9d23d8_z.jpg,0335f2a7-df37-4c73-8370-bc2a3f05c546,0.26276278495788574,1,cat
300422857_eb3a885357_z.jpg,92471a47-091d-4665-94c9-54cd66c24757,0.42824387550354004,0,person
82706249_bf54b24c4e_z.jpg,70dfde05-c38f-4ff3-8144-838ef218efb0,0.18381571769714355,1,car
2814480856_385049d567_z.jpg,d1535f15-271a-474a-90ee-abe548e456ae,0.30140066146850586,0,dog
51712355_49c2e95899_z.jpg,2f30f86a-1982-4ef0-8ad4-ef9607ecdf3b,0.28461670875549316,1,bicycle
4370423313_49f3722e85_z.jpg,ce21f955-bd2d-459e-aaeb-d5dddf2f8d26,0.38547420501708984,1,car
3679100484_a8e3044e55_z.jpg,31828d6e-7e5b-413b-934f-163edde82e07,0.3424355983734131,0,car
5708252159_5b4ac86a01_z.jpg,8eca0855-1789-4243-bd94-6d567fee5e2e,0.31924891471862793,1,bicycle
8488918795_f8ba7dabb6_z.jpg,c50a08bf-3ab2-4e1b-a95d-de2023596809,0.2799043655395508,1,person
19474810921_d2f23de0fc_z.jpg,8be03dad-6883-4188-8511-56fd9145151f,0.3217804431915283,0,bicycle
14757587416_892a95bf77_z.jpg,0acf96bd-e8b1-4191-9766-e3127f1b667b,0.2355940341949463,0,bicycle
2206074222_69cc088500_z.jpg,f88df403-0659-4470-9977-c60f2b47cde6,0.28067612648010254,1,cat
6117174227_6e5da0556b_z.jpg,890df110-b0f0-4664-a524-614401165d65,0.2873380184173584,1,bicycle
8562326627_1a68052e58_z.jpg,785c3e04-6983-4140-8e3c-f925dd75406a,0.37354016304016113,1,person
8464801471_b2b61acc7b_z.jpg,5aff347b-5c3d-4d9b-b0c7-0804b268a362,0.29135680198669434,1,cat
2667833832_bf9ddddac5_z.jpg,353474cd-19fc-417c-9ee7-c6f3006cf2e1,0.31527161598205566,1,cat
5763085728_cd042a4cb0_z.jpg,2098e266-5958-420f-86b7-3fc6431f1039,0.2912728786468506,1,car
15237426722_a51d199f2f_z.jpg,310a94f5-9b09-4e7a-ae72-9d8feab4ccc2,0.3275454044342041,1,cat
5484042252_37ce385b5f_z.jpg,e3f95004-fc79-4b77-b41e-3cfc55758fba,0.3105807304382324,1,car
6924362656_d86bedc2e4_z.jpg,9a6e9fd2-b156-4ae1-bc22-e2ddce5f9f43,0.32964158058166504,1,cat
5333910985_ea4e62f651_z.jpg,fce30dce-77c2-46a2-90c5-69ad4a47c6c1,0.3139793872833252,1,car
2468082692_49ec682990_z.jpg,aa0a073e-ee3d-4e2d-8a0c-08d5081a0fd1,0.32172656059265137,0,car
3353007655_56889b94a7_z.jpg,7bd58ede-cb55-4f5d-a2af-d5b9cf8322d4,0.3020644187927246,1,bicycle
4941417139_1608ab2596_z.jpg,a3a36800-a128-4cb4-bf1c-19e16b198157,0.2929422855377197,0,dog
6010263871_df93fb6382_z.jpg,7d09a061-aae5-4ddd-b313-73ef8a335aa9,0.27679443359375,1,car
2882148223_72d4df2a8e_z.jpg,9a339e5a-c787-4d2e-bd07-ea75a882a3ab,0.3330037593841553,1,bicycle
2788056049_b71f8998c7_z.jpg,d31b7ee2-9686-49fe-93b7-32aff46933e3,0.3086559772491455,0,bicycle
3069852951_85b984b709_z.jpg,1a5f95ef-96fc-4b60-bd93-dd13c4f57571,0.302584171295166,1,cat
2433290346_8482cac895_z.jpg,215b96dc-7f9e-42a8-8a56-c9481e4dcbe7,0.29230523109436035,0,car
3959888385_3580cd572c_z.jpg,ee8bc686-0acb-4f43-b89a-daad482a8fa3,0.3174314498901367,1,cat
4728907141_f9e5aa4bce_z.jpg,a8bdc32e-8fda-40b7-8dbc-97144eaa9975,0.3080923557281494,1,person
3747524_f07f508ba9_z.jpg,b9a895e0-5d0f-4613-a4b6-3d508230c127,0.34560298919677734,1,bicycle
5971377496_abc7d794c7_z.jpg,6365301c-f1dd-4cc7-8d72-6bb91d1ca024,0.3114039897918701,1,bicycle
5099996575_32762aeb7f_z.jpg,991b6bd9-4f14-4098-b17b-eeee1cb81f5f,0.3225686550140381,0,car
6985531639_71621c1e69_z_degraded.jpg,6d74b963-a67f-4384-9da6-c12bf8313c77,0.29550790786743164,1,person
9141188655_328b195d8d_z_degraded.jpg,be64b4c8-4b6b-4109-81a6-c8a92990a8f1,0.26570606231689453,1,bicycle
204668081_9bb000df17_z.jpg,0bd204eb-1f36-44aa-9460-7288c33dfffb,0.36557745933532715,1,dog
6985531639_71621c1e69_z_degraded.jpg,2d6d30e3-07b2-40be-ab1a-2880f6d026ec,0.2863612174987793,1,person
4941417139_1608ab2596_z.jpg,5494697e-cade-4965-afd3-341f5607a650,0.29570460319519043,0,dog
2179537346_d695661bbc_z.jpg,5c78b345-1943-45a5-b293-3ab3fdb3eb82,0.2819554805755615,0,bicycle
4781592393_07d35524ef_z.jpg,bc8843d3-8ed0-4925-b29c-91dfd54546a9,0.27985262870788574,1,cat
224422461_dddd4c8e99_z.jpg,6d63f792-7b2b-4584-9aa2-025b2d449230,0.306140661239624,1,bicycle
7782123174_dbda292cef_z.jpg,0a6fe7fd-3883-4ec2-99e1-76225e6c502e,0.3346569538116455,1,car
7175939730_9a03853d4c_z.jpg,280ef4f9-7867-49e5-a479-07844def8c24,0.31415700912475586,0,cat
5549228224_a42f7d5300_z.jpg,eb3df1f2-1a9d-4957-a11f-f1a39d920f20,0.29442381858825684,0,cat
8213118547_f274c67e93_z.jpg,68cdddef-311c-4cdf-aa32-4cee809e6d71,0.2646057605743408,1,cat
8399932836_19c21d3779_z.jpg,3f7fabdd-ebff-474c-a9f8-2c7c7d330008,0.35535693168640137,1,person
6010263871_df93fb6382_z.jpg,c4114ff6-7c76-459f-b218-c67e6cd2e0b2,0.2983276844024658,1,car
16433605163_8c9393beb1_z.jpg,94ae7518-1213-43b9-8715-592a421567d6,0.3163926601409912,1,person
11709285374_bbb0e09e4e_z_degraded.jpg,27328272-9c79-47d2-93ce-9d3e2f884223,0.31051015853881836,0,dog
5589760101_cf3ec6080e_z.jpg,9b66ab68-39ee-4c0b-9baa-d5a311c2679f,0.2899789810180664,1,dog
3283350420_d2b4b8fef3_z.jpg,074941b9-ae2e-4eed-aad4-ac7904cda0e8,0.28209543228149414,1,cat
16658372825_affc436763_z.jpg,066eaac5-77c6-429c-9173-63ba7662a40b,0.25913238525390625,1,person
8562326627_1a68052e58_z.jpg,aee44f03-fb42-4f85-8ef1-467d1b3a1e69,0.36280131340026855,1,person
5513074265_5b31a2339b_z.jpg,090e8f7c-e4cd-4187-8312-c47f7d893049,0.2873554229736328,1,person
20959877010_552298f5f8_z.jpg,0d48253d-4867-42e9-9e11-38dedbb8209c,0.2625763416290283,0,dog
1240686712_fbccf26b7f_z_degraded.jpg,ce357ed3-710c-4eac-b87d-dd7b0c3fa560,0.2856764793395996,1,cat
2768961204_712996d2bd_z.jpg,f8628bf4-51b7-44bd-9933-c9767549ebd3,0.229966402053833,1,person
15617633365_316afedb8d_z_degraded.jpg,4444d574-43c4-4dc1-a860-5f7e1029b48a,0.4023005962371826,0,cat
8125475_d0a1063029_z.jpg,66a42e35-15cd-468d-ab46-cfce3b782e99,0.33794689178466797,1,car
5336089950_d2f4618519_z_degraded.jpg,67740252-eeba-42de-982e-c411b41c0fc2,0.24237489700317383,0,car
4231227841_3821544fe1_z.jpg,9784d3eb-ef38-4841-a46e-7420fdf90335,0.3935122489929199,1,dog
890847666_ec8eaecf88_z.jpg,c7ba9aee-a327-42b7-898b-8f400a9800b5,0.309248685836792,1,dog
8265517869_53c5fb3eff_z.jpg,fe7c5756-c854-4899-9a3e-14133dd03208,0.28664326667785645,1,car
9132297449_f27a6b1a45_z.jpg,57ee53f6-1408-4cd9-a362-9d98fa32110f,0.3838474750518799,1,dog
235979174_fcd7ef1374_z.jpg,2ca064e9-5844-4dd7-aacb-89585d162353,0.31277918815612793,0,dog
5048937296_7c707f1d71_z.jpg,5c748ca3-a3ae-4ee9-8e02-21f79fed8361,0.38013267517089844,1,cat
2244176071_615b055c30_z.jpg,0a966724-1624-49d8-8736-f4b906419d31,0.31818103790283203,1,cat
7843905188_07e5d2a569_z.jpg,6fa12caa-7c3b-43e9-8e1e-32148fbc9529,0.27759528160095215,0,person
16982913298_aa90f2a62b_z.jpg,a90562a7-400a-4c52-a904-4148f71ab139,0.40305662155151367,1,car
5336089950_d2f4618519_z.jpg,fb121fb9-4b65-49e8-ab02-bc834e97de7f,0.2664628028869629,0,car
2525539133_73f08a9471_z.jpg,ee8f354d-ac9e-48b3-ba0d-4efd91cb871c,0.29053831100463867,1,car
1428837563_12ec867e05_z.jpg,eb30fbac-e224-4bb7-8b20-58ad0a9af36c,0.3084428310394287,1,cat
3850147043_06970bc680_z.jpg,13a0263e-1a3b-4515-8aa2-cca884cc2f44,0.31760644912719727,1,dog
4597825116_8ec71a76cf_z.jpg,f9a233a6-3365-496e-9e73-fbca364910e0,0.3017420768737793,1,car
8399932836_19c21d3779_z.jpg,747e8aa0-9213-498d-a54b-0aed8942cc8e,0.34603333473205566,1,person
5513074265_5b31a2339b_z.jpg,ab73a6e4-b494-4616-a283-4f9cd99eb087,0.2792243957519531,1,person
48901634_c792cbab58_z.jpg,be36dee1-8c95-4479-b7c3-8bc5a9a55a5e,0.27657651901245117,1,car
15617633365_316afedb8d_z_degraded.jpg,406052ea-a4af-4d22-aff1-09b800b15579,0.4332854747772217,0,cat
5210291488_fe9939bdf1_z_degraded.jpg,76719d9b-4fa8-468a-84cc-ad4ef3f4e2b6,0.22612810134887695,1,person
5513074265_5b31a2339b_z.jpg,a5ddcf94-6a0d-48e3-a86b-caf1d7881e57,0.2813839912414551,1,person
4226351112_a6f67d031e_z.jpg,489df549-8be5-4267-b960-8d9181692b91,0.32361578941345215,1,cat
5048937296_7c707f1d71_z.jpg,d03bccc8-5364-41f2-b6bd-90b770e4dbd7,0.36165285110473633,1,cat
3959888385_3580cd572c_z_degraded.jpg,e644aade-ea7a-472d-889c-f409f5a96b56,0.34384727478027344,1,cat
4597825116_8ec71a76cf_z.jpg,e5ad386e-1b6f-43bf-bf26-f3f07b38da1a,0.3165309429168701,1,car
3413987789_b607473327_z_degraded.jpg,b125e1cb-bb5f-4de4-9d5f-69453ac1a725,0.3294837474822998,1,car
15625756039_d59f4e16fa_z.jpg,b4bb2bd4-effa-437e-aa3b-56acb7c489f2,0.3226943016052246,1,person
5575004957_c281c5de1f_z.jpg,f4b6e565-7f3e-4aa4-8da2-47d0d5377d10,0.30495285987854004,1,car
6431185703_6c72dd7b5e_z.jpg,51da66b3-0b6e-4c94-af91-ca8cdb8dd92a,0.29352736473083496,1,person
4901520304_aa5c10705e_z_degraded.jpg,1785c375-491b-4265-bd5b-c3df8fa33db1,0.3099822998046875,1,person
5340010485_edeaa88c83_z.jpg,c6c313ef-9689-44a9-94a6-11cfb3b438fd,0.3184792995452881,1,car
2215395014_24a2f8184c_z.jpg,a5dfd702-b954-4071-a521-aa98c258f849,0.33716297149658203,0,cat
6111783458_61cc1f0f88_z.jpg,3e466023-fc8d-4988-9603-c80debb75445,0.27677345275878906,1,person
2525539133_73f08a9471_z_degraded.jpg,fc667138-23cd-4897-b5cd-25dc6b3ba848,0.28069519996643066,1,car
12041194676_da91e0d068_z.jpg,9280f729-5aab-42fe-8e20-ff08dab07660,0.2777891159057617,1,cat
9031823026_3e55960d76_z.jpg,2d06489b-adbd-43ce-98df-328762773492,0.26280713081359863,0,dog
6111783458_61cc1f0f88_z.jpg,2c770800-4f1e-4e2b-8438-fc155df1ae7e,0.2927718162536621,1,person
8960442702_6c931904f0_z.jpg,3c0b1678-0a16-4b1a-87a0-e45426d9ff7d,0.2864203453063965,1,person
2296897953_08627d83a0_z.jpg,3f7f2edb-7f3a-47d5-961c-d028db4831e7,0.3196988105773926,1,dog
11132512636_ebb3a6a070_z.jpg,8de0a48f-b12b-4a05-aefd-996fcd6f12c4,0.29927873611450195,1,person
5484042252_37ce385b5f_z_degraded.jpg,43b1d59c-b30f-472c-be2f-8b36a07ca382,0.3183479309082031,1,car
4730790029_bdc24fcb8c_z.jpg,293e0092-1943-4e90-8d81-04d734e4563e,0.269289493560791,1,cat
105398161_799ded9b2a_z.jpg,f0fa9b33-b37a-472c-8bcf-accacf61f213,0.32866787910461426,1,dog
14711690133_019fe56eb5_z.jpg,aad36ad0-2669-4aad-89b8-a8a2fcb98875,0.29216861724853516,1,cat
5516505342_43268015f4_z.jpg,f98b595b-089f-4acd-a945-3191d4929f5a,0.3178102970123291,1,car
104222040_c20f16bbc0_z.jpg,e8aa3af7-2900-4927-bc06-dc292b176eb9,0.31934189796447754,0,dog
4730790029_bdc24fcb8c_z.jpg,b2c7f3f4-fe4e-4c64-ab9d-84523665ca9e,0.2903740406036377,1,cat
19030996840_1fbbb14eeb_z.jpg,cb5363cc-5b82-40c9-a0e6-d1954e699c17,0.4180130958557129,1,dog
3442716929_7a26250063_z.jpg,1122ea78-21f4-4ef5-9a27-c6db7f632967,0.27415966987609863,1,person
13340204053_873cda4cef_z.jpg,c898d4a5-6360-4cae-88c8-b29e94e58bc7,0.26116943359375,1,car
6771874127_f8f380b3cb_z.jpg,5da4659d-109d-4284-9df5-1a37256a86d1,0.283397912979126,0,bicycle
6100259603_28a9794ed5_z.jpg,852dafcb-729d-41a7-b539-6a1277299ec1,0.28414297103881836,1,cat
738798561_2d54b53ec5_z_degraded.jpg,f93c9ea6-32fd-4be3-bd7b-4aca5efc464b,0.32065439224243164,1,person
2882148223_72d4df2a8e_z_degraded.jpg,fe500ba6-5ae6-4924-99b9-ed829a49c392,0.3050708770751953,0,bicycle
2468082692_49ec682990_z.jpg,cb5ebd20-87ca-4311-9088-75b490e27b25,0.3290376663208008,0,car
14507981482_c50d893620_z_degraded.jpg,17cbb1d5-3dab-4c60-aa8e-f8e45eaeb691,0.327817440032959,1,person
15625756039_d59f4e16fa_z.jpg,f9e4c908-e892-4b25-b597-c9154750b86a,0.3164350986480713,1,person
2230295891_a68077f047_z.jpg,84ca88cf-7fdd-4c5b-9c1e-404deeaff8eb,0.30751800537109375,1,cat
235979174_fcd7ef1374_z.jpg,e4edbad6-bf5c-4306-9f2b-0e5bde9bfd16,0.30616068840026855,0,dog
750912399_32f415ecb1_z.jpg,df952d34-1e6f-430b-84f0-37a4580ac9a6,0.30100131034851074,1,car
9549882142_c59c04bac0_z_degraded.jpg,2464936e-b2e9-4bfa-8e16-eb19bac6a1d6,0.2597010135650635,1,car
9372235876_d7d69f1790_z.jpg,90fba6f3-bd71-4075-af96-afed2832a23d,0.31546616554260254,1,cat
5316877862_ccdebd50e5_z.jpg,a4592893-a643-476c-be14-66bade323ee7,0.2843341827392578,1,person
9688658716_4b3e9c618c_z.jpg,2404e4ac-b300-4487-96df-61922ef910b7,0.28310728073120117,0,bicycle
9002629162_51388d1396_z.jpg,a1a43adc-aa27-43aa-9833-f2e4125e79d1,0.2881906032562256,1,cat
5425389979_390e3f3881_z.jpg,5c882eba-a1e6-42eb-a349-87526e124094,0.31265974044799805,1,person
4484760806_dc814d2ce2_z.jpg,a2f18264-dff3-4256-af6a-daaea5052e73,0.26500439643859863,1,bicycle
15617633365_316afedb8d_z.jpg,ccab224c-13fb-4259-b122-6bc1e9d27374,0.43174004554748535,0,cat
15235483580_08696e0988_z.jpg,3f04cf1d-7e30-4af1-82e0-0afc35f7bd00,0.2738378047943115,0,bicycle
4018061968_3e03b2e96f_z.jpg,3e2c7c65-9464-4b3f-9bc3-69b12cda6873,0.3141801357269287,1,dog
14628257582_1ff5e98e4c_z.jpg,f9326702-55a2-4c2a-b7cd-8b278ac889dc,0.268765926361084,0,bicycle
7035751851_15d745cf2c_z.jpg,cca74746-91e1-41ba-afc7-74e5664cd44b,0.30344223976135254,1,car
3959888385_3580cd572c_z.jpg,bec94754-1792-4255-b776-f55dcad751ef,0.3376321792602539,1,cat
414586991_9630094229_z_degraded.jpg,116e5e39-cbc8-400d-982d-17c141bbcc71,0.33156299591064453,1,bicycle
506974894_b74672813b_z.jpg,f9811912-212a-4d06-860e-7ea7e28db337,0.28185319900512695,1,dog
8349516772_6928ba8b88_z.jpg,1edf2f56-8e74-4458-bf75-57fb35b52433,0.3183603286743164,1,person
3844809782_aa1ce17781_z.jpg,2446a559-2cd3-44f3-aa23-8cee4f2d9370,0.32952427864074707,1,cat
6309741882_b074ee1a96_z.jpg,d9d7883f-eee7-4f11-94ec-c406a01abea1,0.3554496765136719,1,person
5575004957_c281c5de1f_z.jpg,cf3ff963-2fac-4860-bb79-4c1b14b0cac8,0.30586957931518555,1,car
7742706992_27215ef7f8_z.jpg,62085ee0-3400-417c-a4ab-dd3c8b09132a,0.28398752212524414,1,person
2784964324_0b0373fd24_z.jpg,5e071890-2d2f-4632-8e9c-9cd987004257,0.3047811985015869,1,bicycle
414586991_9630094229_z_degraded.jpg,b4c6bd20-a5da-420d-8495-555c51552595,0.3747389316558838,1,bicycle
15490190390_d64fe16141_z.jpg,785debce-b63a-40b7-8ba7-b497b713ef38,0.27197718620300293,1,car
11101898274_dcf6061b20_z.jpg,76e7e010-febf-40a6-bb20-72b19074ced1,0.27407193183898926,1,cat
7175939730_9a03853d4c_z.jpg,a8f043d2-ab23-4625-bd68-bc97ba21ad9e,0.3241407871246338,0,cat
5340010485_edeaa88c83_z.jpg,d1120797-dcc3-4f58-979f-1131c2216d92,0.32872962951660156,1,car
5290576324_881daf8265_z_degraded_degraded.jpg,7cec4c5a-70fb-4e2c-a715-cede199f6abe,0.3159372806549072,1,dog
6010263871_df93fb6382_z.jpg,710196e6-3d15-4279-9f94-22d1ec0eee87,0.2997133731842041,1,car
6816985831_893d039421_z.jpg,dc823d8e-b141-4884-98f6-151545fdd359,0.3050119876861572,0,bicycle
3959888385_3580cd572c_z_degraded.jpg,1762e735-6ca5-4e59-87dd-1d37096468e1,0.33443737030029297,1,cat
4991188769_8642331e2c_z.jpg,dbbeeee7-c0f7-43ed-8b23-c10798a723b5,0.3084602355957031,1,cat
2365652301_0de626bd97_z.jpg,9b26c585-d017-4ac1-ae9d-e45c1e92fbc4,0.3208928108215332,1,person
4625462281_7df55484bb_z.jpg,325f2de7-be7a-4d8b-abdd-9eb3ff3033e0,0.2911548614501953,1,bicycle
3452990622_cfb5fba34a_z.jpg,aece4e0e-2976-49d1-b143-9c89e649d004,0.31046223640441895,1,bicycle
16982913298_aa90f2a62b_z.jpg,6fb4086e-0887-46d4-8997-7b36254e98df,0.4077622890472412,1,car
6835338988_c013b40c94_z.jpg,f3cd8681-03ca-4411-b4ac-b42834f4306c,0.29652857780456543,1,cat
5007439610_5bb351fc1f_z.jpg,65565204-cb09-40b2-b9a0-63cf97beae77,0.33304381370544434,1,car
5210291488_fe9939bdf1_z_degraded.jpg,2f440655-4983-4c6c-9575-8f5b6bed36ea,0.24149179458618164,1,person
6985531639_71621c1e69_z.jpg,dcbc624e-efb6-45f1-b0fd-369bba8abc32,0.2854952812194824,1,person
5210291488_fe9939bdf1_z.jpg,5f299902-6785-49d9-aade-cdbb2c6b4472,0.23324108123779297,1,person
6499183869_45bb8908c3_z.jpg,7bb49134-f455-40b2-8fd8-794edbfaf6ef,0.2813897132873535,1,person
19309035192_8666b8c4e2_z.jpg,6a1a6b5f-33fd-4230-adfb-b360658e5b7e,0.34400010108947754,0,dog
777472482_5eae8617bd_z.jpg,a446818c-8b52-4199-b2e7-111e05e149a0,0.33116936683654785,1,cat
1240686712_fbccf26b7f_z.jpg,041eec02-d86d-4c1a-ba72-87a0ebb3d3fc,0.2699568271636963,1,cat
1240686712_fbccf26b7f_z.jpg,97d986e9-8238-4786-9936-fc9d0e5a3a11,0.279329776763916,1,cat
11101898274_dcf6061b20_z.jpg,b3e1fd99-4860-4f45-b0f3-8a500dbd559a,0.2960531711578369,1,cat
2166320847_63a04a9303_z.jpg,dfd896a2-9792-4b05-86ea-740ce60b871e,0.27773571014404297,0,car
5021039430_0cda148fd5_z.jpg,694bbb74-ccb9-45b9-b0e9-bda98bcfd053,0.276763916015625,1,bicycle
15333662010_2f428f7e2f_z.jpg,d576cadd-d42c-4547-a12e-f787fada61d8,0.31094956398010254,1,bicycle
224422461_dddd4c8e99_z.jpg,1c9b9b65-49b4-4c54-8908-d6558d87203e,0.3403754234313965,1,bicycle
15837810787_14c16de452_z.jpg,3465e171-5f57-4941-b316-525595063192,0.2588810920715332,1,cat
2167290248_1ac3cbd890_z.jpg,83a0d832-4c37-4fba-8d9d-ffd6033383ee,0.33187270164489746,0,dog
2883059364_a6ccfaf69a_z.jpg,b9ab5d32-54a5-4c02-9f7a-6582dffcd9ed,0.3158576488494873,0,bicycle
5763085728_cd042a4cb0_z.jpg,4f5f570b-b68c-4ce2-98ed-9b08adea6425,0.27989864349365234,1,car
5974549533_83d56b822d_z.jpg,48ac1997-0284-43bd-af58-026002527734,0.2840535640716553,1,cat
4163439575_7c6a260e8e_z.jpg,c2958a57-e4a9-4ad0-bc24-28017aa3a846,0.35587191581726074,1,dog
3499391979_76c0c01a3c_z.jpg,fb3aa343-6afd-4188-a0bc-ee13e4bd586f,0.2722468376159668,1,car
16675918410_cc9588a553_z.jpg,e5dcb360-2dda-4204-b279-c70585f6a486,0.24703001976013184,0,bicycle
6431153899_9ac59a36b4_z.jpg,5f14ad4d-6a1a-4d22-bb10-3ca619838b8a,0.3041050434112549,1,car
3595778703_d3bec2f74e_z.jpg,96db0349-a6c9-479b-89b4-0f2cbf316279,0.3048391342163086,0,car
5540859766_5596c9c59e_z.jpg,18fef8a6-efa8-4ad9-9516-c5b3c2ebee68,0.3500816822052002,1,person
15333662010_2f428f7e2f_z_degraded_degraded.jpg,8550836b-002a-4219-b9f7-d97d9eded487,0.32818078994750977,1,bicycle
15071673457_0703cea442_z.jpg,ce06fea8-d42b-4cd3-932a-edd7b4a86344,0.296245813369751,1,person
2468082692_49ec682990_z.jpg,72f6625a-baa7-43b0-b358-141b362b3cd8,0.3228492736816406,0,car
104222040_c20f16bbc0_z.jpg,1a1243a5-1820-4d8f-9b2a-dcdbd555c074,0.315737247467041,0,dog
9159634981_ea2947ff02_z.jpg,2c249d64-2f53-4b20-923d-cdc97ae81d00,0.32677292823791504,1,dog
2525539133_73f08a9471_z.jpg,023710ce-b163-4821-a6ca-e6345fd0fd68,0.2911803722381592,1,car
15983066535_629c335c63_z.jpg,9ef7fce7-3029-4fa7-bdf7-8a05a85fe03e,0.291593074798584,1,person
9755183855_953c4f062c_z.jpg,b93fe3b9-dcb6-4838-9dfa-23189323df16,0.2691528797149658,0,bicycle
2179537346_d695661bbc_z.jpg,cd9b6032-6c2c-4ea0-9891-110180f3f036,0.28383374214172363,0,bicycle
7163490183_0dff14b5d6_z_degraded.jpg,a7a277ee-3876-4ec3-be0e-825c531b3935,0.2591664791107178,1,person
6102395478_8c004e1142_z.jpg,ec5a671d-7def-4d14-a8e2-a18bf3e9f2f4,0.3005497455596924,0,bicycle
1511658057_17b7bac11a_z.jpg,3d2730ff-cb18-4386-a08a-d74ed62fbc7a,0.2937591075897217,1,bicycle
9478594118_5861e54c87_z.jpg,349c58a3-a186-4d9e-b6b4-547bfe313f1c,0.3081040382385254,1,cat
16658372825_affc436763_z.jpg,ff321f1d-626f-4faa-9766-02b70fa09360,0.23928427696228027,1,person
6141562070_11880edf2e_z.jpg,1ec479cb-6356-47e5-9863-4a6f0606f49a,0.28126072883605957,0,bicycle
9031823026_3e55960d76_z_degraded.jpg,fde09ea0-964e-4376-8e8e-06d21f34184f,0.2604660987854004,0,dog
296513213_9681371ed9_z.jpg,07efe7d0-49f4-4d50-8fd0-d4f270809677,0.2793128490447998,0,bicycle
2882148223_72d4df2a8e_z_degraded_degraded.jpg,691eb1bc-476d-422e-b069-094b2f27d86a,0.30141758918762207,0,bicycle
414586991_9630094229_z_degraded.jpg,d6633e10-70c2-4c52-816e-ed2105663ada,0.3600938320159912,1,bicycle
15237426722_a51d199f2f_z.jpg,638c4c24-e30b-4dea-9309-8b336901d443,0.34029531478881836,1,cat
528252616_a57e6257ff_z.jpg,f873fe42-98d4-4d53-bacb-822a036ab4bb,0.3065018653869629,1,person
234597792_a9f1e7e7a9_z.jpg,5ec5feeb-93b8-400b-89f1-33d5297b154a,0.2960660457611084,0,bicycle
20843800936_edcdd89338_z.jpg,c0bf95be-8c3e-4905-ae27-3ece0b561948,0.40850162506103516,1,dog
6816985831_893d039421_z.jpg,19deaf22-d0b5-4dac-b839-daaad16169ce,0.29003262519836426,0,bicycle
2746929519_3599d54cfb_z.jpg,5f5d240f-5dea-421d-8774-cb422b69d54d,0.31442856788635254,1,bicycle
1229448893_42c357ea12_z.jpg,4bfbc865-4e37-42d2-898e-032a95228d14,0.2744781970977783,1,bicycle
6141562070_11880edf2e_z.jpg,da8eb750-6191-4568-818a-f0126969dd67,0.288729190826416,0,bicycle
14289042367_a041af95f4_z.jpg,6d818fd9-f957-4dec-abe3-0538cc84264a,0.2798020839691162,1,bicycle
6217890759_2a6a04d1d9_z.jpg,b89ddbfe-1898-4990-ac63-c41a214b70bf,0.2924234867095947,1,person
15392489891_905432249f_z.jpg,3d7ef5fd-b786-419e-b407-f283b3d22d9f,0.2944467067718506,1,person
20843800936_edcdd89338_z.jpg,0dcd990b-948b-48a6-884d-7fbcad8516c1,0.3449687957763672,1,dog
211850545_7f670901ab_z.jpg,787f3900-9491-4dfc-8666-bec74c111449,0.2869453430175781,0,car
2882148223_72d4df2a8e_z_degraded.jpg,c195f0ef-dfce-4e9e-aae2-80db72cf35b7,0.3219583034515381,0,bicycle
15071673457_0703cea442_z.jpg,550efbdd-96f0-402b-b9d9-2c8019c32c48,0.2634243965148926,1,person
5594762666_e157f338f0_z.jpg,ed10743a-e2cf-4db6-8ee9-d194a9743a85,0.2799074649810791,1,person
5753318048_1cde42cb1f_z.jpg,2829504a-e8cf-4bdd-986f-63937f760fd4,0.35060691833496094,0,dog
15837810787_14c16de452_z.jpg,00e3a146-8f96-4124-bcd8-b2c085e9e03d,0.2746243476867676,1,cat
10921149963_027e750820_z.jpg,45276021-bacc-4a61-a678-463d5cb25281,0.27602100372314453,1,person
5763085728_cd042a4cb0_z.jpg,a1f0de2f-879b-470b-89c3-d0cc1fabbdea,0.28444743156433105,1,car
207320225_2446b6cf11_z.jpg,baa8be14-c505-4059-aba4-46b8104a3498,0.2806432247161865,1,cat
8125475_d0a1063029_z.jpg,632a6c20-b364-442e-aecd-f8db32bf30e2,0.3116137981414795,1,car
2166320847_63a04a9303_z.jpg,9a021b96-936c-4d42-aaf7-c9bf0acdfad2,0.28272151947021484,0,car
7417962302_a50fc8eb6b_z.jpg,710854d1-5496-406e-a6ae-a00eadc51c1c,0.28674960136413574,1,bicycle
2166320847_63a04a9303_z.jpg,19aae1b6-d0ab-4b87-a7ae-5149698533ed,0.2847864627838135,0,car
2370036280_507a07c953_z.jpg,e948f576-eba8-4686-92de-ce090a4920dc,0.28672003746032715,1,car
7035751851_15d745cf2c_z.jpg,36e2887a-ec57-4f6e-85a6-f121296f76e6,0.34172844886779785,1,car
5290576324_881daf8265_z_degraded_degraded.jpg,fb414290-6f06-4242-a834-da4b89c7227c,0.317335844039917,1,dog
3685504815_c15a389bd3_z.jpg,08d0deff-7df1-42b7-b300-c0cc3478b5d1,0.3196115493774414,1,bicycle
6431185703_6c72dd7b5e_z.jpg,dd939ccb-9160-4423-92d1-07b2d6f22386,0.29157185554504395,1,person
15091650494_d8a5f37637_z.jpg,00423bd9-882d-43a5-a857-c598db4bc3b8,0.27135753631591797,1,person
6062750656_89284163db_z.jpg,0104abb5-4c9e-4396-8077-3b4acddbbf62,0.31179237365722656,1,cat
5490854064_57151abb4f_z.jpg,36eaec64-b3ff-4c3a-a432-540b7205d289,0.331005334854126,0,car
1229448893_42c357ea12_z_degraded.jpg,05d9c24b-63a0-4d2c-b485-b6f73a3e7baf,0.2555501461029053,1,bicycle
258460789_c4baeb300a_z.jpg,6a7c9a50-609b-4009-8d34-26a8e62fafc7,0.29913806915283203,1,cat
8291522231_19e1414c1b_z_degraded.jpg,a7ddb313-2345-4d8b-817e-12212bc1425d,0.39384913444519043,1,bicycle
5466970559_0f7b06bcd6_z.jpg,495309e7-62c1-4149-af6a-32e2288d345b,0.28939080238342285,1,car
2177230709_086e9d23d8_z.jpg,e4e597eb-9267-4f1f-8d87-f52d845cb751,0.28771305084228516,1,cat
4226351112_a6f67d031e_z.jpg,388983e4-0cca-4816-a439-b6116bb48fc5,0.2975001335144043,1,cat
11709285374_bbb0e09e4e_z.jpg,45031a4e-3fe2-42fd-afa7-2417ddf71332,0.327329158782959,0,dog
4975505027_db5864977d_z.jpg,540dbd2c-b936-4963-a437-97f26ca40642,0.3327906131744385,0,dog
4763265058_6c6dbb9abe_z.jpg,b689ed74-65ec-4d3d-97a4-53f927bd388f,0.26486849784851074,0,bicycle
892497288_b916ec820e_z.jpg,a258425b-cb7e-451c-8303-f362a43a2982,0.3584432601928711,1,person
6431153899_9ac59a36b4_z.jpg,a08792e1-4ebd-4686-bc7a-6176aa4405b2,0.31624531745910645,1,car
2179537346_d695661bbc_z.jpg,a2fda0f0-88c7-4a62-8ed4-303e6caf8b2e,0.25742292404174805,0,bicycle
3209962531_f75dbe4341_z.jpg,0cfaceb6-58d2-4cb5-966c-eff816150c15,0.30481958389282227,1,dog
6455179889_6db5a93bfa_z.jpg,bffac1d9-b04e-4579-a0da-36e0e16c9410,0.32859373092651367,1,cat
5575004957_c281c5de1f_z.jpg,05a10cc1-e695-40c4-9d65-f27d69a87324,0.30695438385009766,1,car
82706249_bf54b24c4e_z.jpg,a4aafd58-e846-46f1-af4b-f086cba8a46d,0.19357824325561523,1,car
6985531639_71621c1e69_z.jpg,3f19e2c3-e4dc-4854-ab5f-370229fd8708,0.3016672134399414,1,person
858829152_629399f0a4_z.jpg,ed8ad72c-d3ff-4f7a-964d-d14a8be4d00b,0.317096471786499,1,cat
1908136167_cae3414e7e_z.jpg,eb2d8f41-5cf1-4492-809a-45cd3f773674,0.2928452491760254,1,bicycle
14289042367_a041af95f4_z.jpg,9dcff4f8-d632-4ae4-be7d-798378b3e527,0.27257871627807617,1,bicycle
5021039430_0cda148fd5_z.jpg,eb657a85-5bd8-4dcc-9602-8cc07d7f2137,0.28406739234924316,1,bicycle
9549882142_c59c04bac0_z_degraded.jpg,18ea6c55-b614-4dfc-a8f3-61f497ccdd62,0.26445698738098145,1,car
15038212434_9e0e575008_z.jpg,3b119f12-cb6f-49bb-b817-e78855aadf9e,0.40209126472473145,0,car
8922688952_9cacbffe29_z.jpg,81cf5c3f-cf6f-455f-b1b9-4f84f3b74ab0,0.25165534019470215,1,person
9132297449_f27a6b1a45_z.jpg,75ec4472-e635-4437-b6c0-87be151bc143,0.4200313091278076,1,dog
892497288_b916ec820e_z.jpg,248dd5c1-d207-46c0-9a14-ffc88877ffaa,0.3421781063079834,1,person
5402229494_570e48f7f9_z.jpg,acd186a9-d179-47f5-b8af-31769aa85147,0.28264927864074707,1,bicycle
14289042367_a041af95f4_z.jpg,1e4389fa-0e5e-48f0-bd21-6785344cac05,0.2928047180175781,1,bicycle
8634899263_5ce2555806_z.jpg,15778d6d-4558-4709-b2e4-74ad978a81e7,0.2854785919189453,1,car
9755183855_953c4f062c_z.jpg,f52a4ebd-b76e-4601-86a1-4388c8000eb3,0.283994197845459,0,bicycle
7685782426_d3615820e9_z.jpg,411f4639-3fcd-495e-89c7-16541df674f1,0.2904951572418213,1,cat
738798561_2d54b53ec5_z_degraded.jpg,056ba724-9eb6-445f-8491-ed0d526e53d9,0.3057894706726074,1,person
5425389979_390e3f3881_z.jpg,a53df626-be27-4efb-9e7f-2477a4c900ba,0.31005406379699707,1,person
3679100484_a8e3044e55_z_degraded.jpg,4f3f81a1-65dc-4366-8601-74a5a3f0152e,0.3303353786468506,0,car
3604271495_1cacccec06_z.jpg,d1d588df-191f-4b06-93fb-0f0c5eb9d5dc,0.2663695812225342,0,bicycle
11709285374_bbb0e09e4e_z.jpg,c60f150b-0985-4e8d-af5c-a2cd832c634f,0.3414473533630371,0,dog
3895919953_9ba2530425_z.jpg,c666c2ae-505d-4a3b-9326-291db77f7547,0.2686195373535156,1,cat
2718097307_1fb900f17a_z.jpg,3fd7e522-7c36-4f4c-ab36-d2397b842659,0.2857182025909424,1,cat
8132134109_24eaa95e21_z.jpg,a54b6ea7-247f-445e-bf63-65f31c564701,0.25200819969177246,0,dog
15196353300_2dcb1a1948_z.jpg,7efe21a3-a703-4efe-9038-f4a23a8446a6,0.2975442409515381,1,car
2667833832_bf9ddddac5_z_degraded.jpg,d05e6bc9-e67a-4351-977e-dfeddae1f92b,0.31145334243774414,1,cat
241832541_43848dabf3_z.jpg,49214f03-140e-4561-af83-205399add36f,0.290330171585083,1,dog
15983066535_629c335c63_z.jpg,f7579d25-2d52-437d-8b1b-e242093aa042,0.26755571365356445,1,person
6835338988_c013b40c94_z.jpg,6b861277-a728-4b8f-8ee6-f945916552e1,0.2761268615722656,1,cat
4030862073_d697f506b0_z.jpg,2c0a3c5e-1591-4cfb-a892-c7e516e7f82b,0.38230323791503906,1,person
5599702283_8562638984_z.jpg,8da0ad23-a467-41ef-98a7-397959f861ad,0.2850658893585205,1,bicycle
9031823026_3e55960d76_z.jpg,1f2f4069-b210-42c5-abd6-d998184fa11c,0.2611522674560547,0,dog
8526465743_29a9320d16_z.jpg,dcbc0498-6e7e-47bc-a2fa-47ce618e9d0e,0.39842844009399414,1,cat
11132512636_ebb3a6a070_z.jpg,95e7b8e6-13f8-411f-aeea-e359a6bd8460,0.27304935455322266,1,person
7928462126_bb6f3a98bf_z.jpg,300d3af2-fa18-4c0e-965a-68450315cb17,0.28132152557373047,1,dog
8343384446_ebe3bc86ce_z.jpg,9ccafb0b-324e-4693-9ee4-804f69b84790,0.4280385971069336,1,dog
20646999908_c3400d3ef6_z.jpg,c22490ec-b84c-441c-a732-aa4b47cb8473,0.291412353515625,1,dog
241832541_43848dabf3_z.jpg,5b6cb0e2-0534-4f7e-bd65-ccec6a7811da,0.2828545570373535,1,dog
1553312291_c0cae48a37_z.jpg,b7c1d454-6857-4b7d-b3fe-6f86585a18c3,0.19370436668395996,1,bicycle
2788056049_b71f8998c7_z.jpg,5d9a9045-c2ef-45b4-8aa6-533c64b3b68e,0.33574485778808594,0,bicycle
15038212434_9e0e575008_z.jpg,a0c22353-f4c5-4a6d-8909-bfb73247c189,0.42496204376220703,0,car
4018061968_3e03b2e96f_z.jpg,e2bce7fe-23b3-4dc5-ad3e-42c3ede972aa,0.32097792625427246,1,dog
7675033952_b3caa0dd37_z_degraded.jpg,9aa1c312-aee5-44f4-b95f-f05423638aea,0.3225233554840088,1,bicycle
7664570690_6ab2f0ab5d_z.jpg,b9bab5b2-4687-474d-b5d3-08aa1abadf7d,0.31852293014526367,1,cat
16433605163_8c9393beb1_z.jpg,302ac407-9f18-4c6a-9dae-ac9cebbc4456,0.31978917121887207,1,person
8183126241_e78c7f86ba_z.jpg,95d886f7-a18a-4ac3-be64-83f76d4f66ec,0.2909731864929199,1,person
489195247_b908298ee6_z.jpg,a7bb1f74-41b5-41ae-be3f-24dad4b8ea37,0.31305384635925293,1,dog
11709285374_bbb0e09e4e_z_degraded.jpg,d4d96720-bbab-4d4a-9d85-79cd4eb84185,0.3036689758300781,0,dog
8031274301_1d9bc9b665_z.jpg,e46eac89-53d0-4a64-a998-de249d1b81a5,0.28554320335388184,1,person
9201197273_a98cb719f5_z.jpg,0f249d18-83d3-4bbf-a921-7e58d2444027,0.3120288848876953,1,dog
8032610600_1dd81d41a4_z_degraded.jpg,e1600f29-c206-4eba-94ea-06a3b2177a7c,0.2826673984527588,1,car
8132134109_24eaa95e21_z.jpg,fb9d1fa1-c4b5-47eb-8acd-29c07de18c6c,0.2677443027496338,0,dog
6499183869_45bb8908c3_z_degraded.jpg,498a069c-ed92-49af-a5f2-abc781253bf9,0.26413798332214355,1,person
19299023856_077e45c472_z.jpg,03a845a1-4079-4465-91b9-51bb3da4db01,0.26686549186706543,1,car
14409775264_5b589b56b4_z.jpg,578b9693-eefb-47ec-ba9e-0a7d76107a42,0.34310173988342285,0,dog
2882148223_72d4df2a8e_z_degraded_degraded.jpg,a02dead5-8f12-463e-bb82-24918eebbaed,0.3097689151763916,0,bicycle
4991188769_8642331e2c_z.jpg,f8f126e5-c65c-4012-8991-665ce619f594,0.30179262161254883,1,cat
5540859766_5596c9c59e_z.jpg,8cc400fa-1d33-4046-8fbc-81b8b40d0449,0.3314075469970703,1,person
2918687630_5108e3e2ab_z.jpg,afd299c3-1435-43a6-98cb-9d0d69a958ca,0.2735874652862549,1,car
9372235876_d7d69f1790_z.jpg,4e9685cd-94ad-4980-a885-97ba9a3dcc88,0.3445439338684082,1,cat
3409776362_07a8bb7f17_z.jpg,2eeb46d0-cff9-46c4-acfb-7999dd1d1495,0.33192873001098633,0,person
340359612_df41037e73_z.jpg,132d9479-9dee-4d7c-9843-abe735a43b53,0.2747049331665039,1,car
15083791924_c7195faca3_z.jpg,2ff38248-ce71-49c2-9739-28f04a38ecbd,0.2771337032318115,1,person
20646999908_c3400d3ef6_z.jpg,9b29b219-8e1a-4581-9ff6-245970a41644,0.29968929290771484,1,dog
5340010485_edeaa88c83_z.jpg,48ee19d4-6ccd-475f-8d85-31a1850b563d,0.3373098373413086,1,car
204668081_9bb000df17_z.jpg,deda3c60-acce-4552-a205-6dff3a39577c,0.3573474884033203,1,dog
6455179889_6db5a93bfa_z.jpg,e08aa59e-2568-410f-ac7f-8a2a295c7841,0.3484914302825928,1,cat
8349516772_6928ba8b88_z.jpg,e370f7a2-28cc-4fe3-8990-3a467c9c04b4,0.31705403327941895,1,person
6100259603_28a9794ed5_z.jpg,a47a7cc9-5e93-4eb0-85bb-f759fe9604ad,0.30645084381103516,1,cat
2433290346_8482cac895_z.jpg,3b973fa8-3c22-4fcc-a57c-ff02e64e5b67,0.26904916763305664,0,car
7928462126_bb6f3a98bf_z.jpg,5a3093c5-e4c6-4a7a-aac5-7cf12d7998ba,0.2831873893737793,1,dog
3409776362_07a8bb7f17_z.jpg,31298a31-3997-4b88-9927-d3b03577c373,0.35295605659484863,0,person
2784964324_0b0373fd24_z.jpg,214f0756-a01f-4609-8ac2-040d2a89d147,0.3666715621948242,1,bicycle
5336089950_d2f4618519_z.jpg,a1fe5232-de14-4565-9f6e-b0926ada5ae9,0.24765849113464355,0,car
15235483580_08696e0988_z.jpg,77e0a3e7-e0f9-4877-8a2e-b8e7a6ae8e41,0.28778862953186035,0,bicycle
15333662010_2f428f7e2f_z_degraded.jpg,28a08bfb-fcb0-47c8-8d10-bc77f2f896d7,0.33694982528686523,0,bicycle
2768961204_712996d2bd_z.jpg,665b4bbc-98e3-4f17-9501-6a0f53d42b95,0.23171591758728027,1,person
3499391979_76c0c01a3c_z_degraded_degraded.jpg,b1fd3d4a-7ad3-4391-8425-ceeb14ff70f3,0.2813684940338135,1,car
9549882142_c59c04bac0_z_degraded.jpg,874e757b-caaf-4f27-8b50-7694ff7338e1,0.23842787742614746,1,car
15235483580_08696e0988_z_degraded.jpg,81450fb0-2f16-4c69-b666-a09d7549854d,0.28757405281066895,0,bicycle
2230295891_a68077f047_z.jpg,25aa1f20-a520-4eba-9789-6b48577ac315,0.28112316131591797,1,cat
6816985831_893d039421_z.jpg,ae9e59bb-dc1f-4e2a-b66c-558a537c7e33,0.28536391258239746,0,bicycle
1980856023_6049619444_z.jpg,372888e4-4021-47ed-be45-f7a8a70331e4,0.3057291507720947,0,cat
6168484879_e6b9644722_z_degraded.jpg,4cc0d0ba-1238-4cd9-ba31-0b536c4df54a,0.3019087314605713,1,car
6113997729_5f5ac02209_z.jpg,19877624-3941-445b-94fb-78178330bc9b,0.332597017288208,1,dog
6111783458_61cc1f0f88_z.jpg,a81d73f4-b632-40be-87c8-92c554ba4141,0.26172852516174316,1,person
1908136167_cae3414e7e_z.jpg,22bdf82b-e42f-4dd6-a194-59c9f52e3f8d,0.28571534156799316,1,bicycle
5605719660_5bed05cca3_z.jpg,fa0dbf27-8c3a-42b3-ad3b-92809080f523,0.2775919437408447,1,person
16658372825_affc436763_z.jpg,74fd74e2-1b65-448d-ba3e-d442fa846ab4,0.2546267509460449,1,person
201365540_d1af73d7cd_z.jpg,a0b8ede8-7bca-4e5f-b1ec-f192f5158391,0.3229374885559082,1,person
8526465743_29a9320d16_z.jpg,7c7fc5b7-e194-4cde-9669-dfe351cbff6b,0.41075968742370605,1,cat
7283869010_60b2e311b5_z_degraded.jpg,b6c67a7b-3be6-426f-950a-19304ffab454,0.4089646339416504,0,dog
6180200475_fda2795252_z.jpg,07ca7ff1-ce1e-473d-92ff-99de3ed79cf6,0.2997596263885498,0,cat
414586991_9630094229_z_degraded.jpg,f37c0821-749a-49ee-ad6e-de18c1987489,0.3586604595184326,1,bicycle
2218544892_0ae9cb42da_z.jpg,639a7565-b264-4026-93a8-872e0f7e886d,0.31635141372680664,1,cat
3850147043_06970bc680_z.jpg,b970516a-8213-462c-9e9a-1cda76aaf78a,0.3129720687866211,1,dog
7548613890_a6272237ac_z.jpg,adac4d12-7a9f-4083-880b-37745c54d322,0.32835960388183594,1,bicycle
5099996575_32762aeb7f_z.jpg,8fd1b447-e476-4b8d-904a-f297aad443e7,0.32622671127319336,0,car
3197300261_4e5e9c5e3e_z.jpg,2e3cede9-fb0d-40ba-88ac-e81ed3217a2e,0.43616771697998047,1,dog
2698863450_3a10857081_z.jpg,3c0ca338-af95-4a09-87f0-525e71de57fa,0.38241124153137207,1,dog
809525484_e2e6f137aa_z.jpg,ab0244cc-af2e-4f56-957f-c7089a5b9b31,0.3411126136779785,1,dog
9159634981_ea2947ff02_z.jpg,bc0a288a-1cc7-4197-8244-50324a8635cb,0.3143162727355957,1,dog
3715997008_28a251eba7_z.jpg,0e1b5c20-4ffe-4870-8439-67aabf078363,0.265944242477417,0,bicycle
340359612_df41037e73_z.jpg,3c2d7220-56fb-40db-aaf4-e21e99b686aa,0.27847743034362793,1,car
3499391979_76c0c01a3c_z.jpg,d1ad7bd6-e01d-40ac-890f-e5495cd0e004,0.279094934463501,1,car
3141821008_3743fb8be5_z.jpg,4ed151ed-82cf-4363-88cb-c040cebece24,0.33812713623046875,1,car
6410065163_fef2877544_z.jpg,cb434e91-95a3-483a-9063-051536173db8,0.26716184616088867,0,car
4975505027_db5864977d_z_degraded.jpg,b9921c09-ae86-4622-bbcd-dc7fd25f53ec,0.3236868381500244,0,dog
5816846412_7b6fa97da0_z.jpg,c5301cfc-aba4-4553-ab11-bdf4c4465917,0.2981913089752197,1,bicycle
7475018518_6c715a96c1_z.jpg,ce55cf85-06bb-4a1b-9ba1-60733828eb57,0.27341294288635254,1,dog
16675918410_cc9588a553_z.jpg,fdba2a38-71b3-498e-a778-23e4a32c873c,0.2645425796508789,0,bicycle
4941417139_1608ab2596_z.jpg,5143972d-ca27-4fb4-8bbc-7b8310a28265,0.3097529411315918,0,dog
6217890759_2a6a04d1d9_z.jpg,e83cc720-9d17-48df-8cae-f201560c0f9d,0.2872591018676758,1,person
7192116992_5447de0caa_z.jpg,d7619bd7-9772-4f33-a4c7-202e65057018,0.321500301361084,1,person
6431153899_9ac59a36b4_z.jpg,33c4394b-58ef-479e-9757-dd1c63342201,0.32830119132995605,1,car
422908475_7be8fe7338_z.jpg,0e283bb0-a265-440c-92e0-7de1bef3873c,0.35591840744018555,1,cat
15617633365_316afedb8d_z.jpg,782ca888-30c5-4b54-bc26-fdcddf29da31,0.4478776454925537,0,cat
11132512636_ebb3a6a070_z.jpg,fedc9b2d-ac7f-4434-9fcd-427ce27434e8,0.27415919303894043,1,person
19299023856_077e45c472_z.jpg,77e2da0f-8a70-471c-a8f4-9b915f551af4,0.27686619758605957,1,car
1229448893_42c357ea12_z_degraded.jpg,8f607029-0539-4318-bf29-171ca58eb30b,0.2804281711578369,1,bicycle
13340204053_873cda4cef_z.jpg,cd3e5832-72c6-4d2e-84b5-423a08ae2ed4,0.2401125431060791,1,car
18068160735_6c2f214265_z.jpg,2132ba1e-9432-468c-acbf-1e349ef30095,0.30028367042541504,0,bicycle
4226351112_a6f67d031e_z_degraded.jpg,a9872c20-5fde-41f7-b684-46eedf34ef3e,0.29760265350341797,1,cat
4029738064_00c4cd038b_z.jpg,3a343135-6885-4636-b61a-d65184e2c63a,0.28533458709716797,1,person
5974549533_83d56b822d_z.jpg,88f5072b-1880-4e64-bff9-d73956bfa51c,0.2783203125,1,cat
1134141407_0254c76c4d_z.jpg,7208c826-5694-4aab-9059-434f63337c29,0.25261664390563965,1,dog
5877730305_f5e3d13667_z.jpg,711baf25-82c2-4aac-a25c-049bd53199bc,0.28412723541259766,1,bicycle
7928462126_bb6f3a98bf_z.jpg,a1923906-be51-43e6-9bab-6029865db0fc,0.2853081226348877,1,dog
8922688952_9cacbffe29_z.jpg,93c8177f-2602-4ebc-8c76-b52474112f5c,0.2529308795928955,1,person
5336089950_d2f4618519_z_degraded.jpg,b795cba7-faf4-4295-9f4f-ae04fe7cf63a,0.27280664443969727,0,car
2788056049_b71f8998c7_z.jpg,028aed42-d0cd-4669-83f2-99a2cfa911d6,0.29938769340515137,0,bicycle
2946145533_75f5268f19_z.jpg,dabcf295-31d6-4ad4-9cd2-fe003e96d08a,0.3277411460876465,1,person
9444094315_ba610ed94a_z.jpg,b2b98c5f-9e43-4219-9dc2-78b76d3ecaaf,0.2660233974456787,1,bicycle
2946145533_75f5268f19_z.jpg,607c09d3-da8e-40a8-b8ad-f7d976781b4f,0.326892614364624,1,person
3413987789_b607473327_z_degraded.jpg,9fb195f7-0836-4ca6-8238-952a92f97b2d,0.3169596195220947,1,car
16850385890_8105762655_z.jpg,dc44e4c8-f77d-4e39-8ea1-cbb2a6755cb5,0.2926661968231201,0,person
16675918410_cc9588a553_z.jpg,024e98f4-2bf7-4479-b4d5-b194d5e4eb25,0.2267932891845703,0,bicycle
5099996575_32762aeb7f_z.jpg,5a2660d5-686a-44a5-b74d-57be85690f0d,0.2994718551635742,0,car
16658372825_affc436763_z.jpg,0e8d24f7-f8b9-4d5e-a8bc-e45953a0194d,0.2517218589782715,1,person
3209962531_f75dbe4341_z.jpg,9ef0625e-772c-43c2-9807-40838e576cfc,0.3015716075897217,1,dog
15617633365_316afedb8d_z.jpg,2d23cc4a-58b0-4746-ac69-600fa5fef75b,0.4078845977783203,0,cat
8562326627_1a68052e58_z.jpg,411da3be-f10c-42ad-ab18-beda6393c76d,0.38805270195007324,1,person
211850545_7f670901ab_z.jpg,bffdb706-4fa7-483a-baa0-d3cb75012e26,0.2938206195831299,0,car
19474810921_d2f23de0fc_z.jpg,59c44b9b-0d4a-4ca5-85f2-0cfa0821a4c3,0.31884193420410156,0,bicycle
3703720579_4a2cf4af15_z.jpg,18eb1458-186a-4771-823d-c44077b7a9ec,0.3218050003051758,1,cat
2370036280_507a07c953_z.jpg,7fc54b91-7697-44bf-8902-c28ced4d6625,0.2874174118041992,1,car
14584923986_debd346d81_z.jpg,e391ff4b-095e-49e5-b6d7-3bcb0e9a166f,0.44362592697143555,1,dog
5599702283_8562638984_z.jpg,cd14f7c0-d546-4f4f-b362-27c5f47ec3bc,0.277554988861084,1,bicycle
14811525368_d8b774e40a_z.jpg,7c3871be-9ae4-4a45-9b70-4988b92a283a,0.2837707996368408,0,bicycle
14757587416_892a95bf77_z.jpg,c2084af4-f068-46fc-8541-7aea5391b2fc,0.23256993293762207,0,bicycle
5516505342_43268015f4_z.jpg,3c4a38c7-c4d6-4913-aafc-12ab26b816e4,0.3229360580444336,1,car
5827517048_a890acd7e6_z_degraded.jpg,0d143034-635d-45f0-82b7-cc9376711376,0.2780187129974365,0,dog
7782123174_dbda292cef_z.jpg,079f4f75-83d6-4f49-90f7-d95fd432a4ca,0.3365204334259033,1,car
8538565946_199e28b584_z.jpg,8d4b4272-8daf-4eca-9837-88a9a3a62bdd,0.3711080551147461,1,person
1553312291_c0cae48a37_z.jpg,3e574e3d-6da2-41b6-8789-3464a8771d38,0.1954364776611328,1,bicycle
2718097307_1fb900f17a_z.jpg,0a47c77d-e5dc-403a-9be8-805e8291405a,0.2749001979827881,1,cat
4730790029_bdc24fcb8c_z.jpg,3d05d62c-625c-41c3-af40-052f83eaf317,0.287355899810791,1,cat
15038212434_9e0e575008_z.jpg,03f4d662-3fa9-4cea-8615-e76d4fdc276f,0.41457438468933105,0,car
268134569_0cea602ccb_z.jpg,d99d6332-06d5-420c-9ad9-be38a2b88f9f,0.33391809463500977,1,person
7110476047_267467ee68_z.jpg,136cf326-2468-415a-8be4-c0759e1f1fd1,0.27993178367614746,1,car
3462334590_2b8f39c540_z.jpg,2bcdfae4-dd08-4120-a87b-0f9ff1ebf6fe,0.3845176696777344,1,dog
2179537346_d695661bbc_z.jpg,23c11a4a-438f-4e1a-9fea-38c2e846f626,0.29468250274658203,0,bicycle
5387089136_efcdc42456_z.jpg,98c3340b-b2c3-414a-ab96-ff75ebec5610,0.29356956481933594,1,person
2718097307_1fb900f17a_z.jpg,357451a8-68f1-49df-92f7-78ae9d77b707,0.28391432762145996,1,cat
9002629162_51388d1396_z.jpg,eb6c8a80-27c0-4563-9474-2836d4ccdf17,0.29355812072753906,1,cat
5763085728_cd042a4cb0_z.jpg,4b61f222-4a35-425e-9f73-79b3e7147719,0.2645533084869385,1,car
5333910985_ea4e62f651_z.jpg,395bb313-5329-4040-bee8-d464d7c5e9f2,0.3359341621398926,1,car
5763085728_cd042a4cb0_z.jpg,d999e1d2-eff2-4ae3-bda1-ce1d4e64141d,0.2830772399902344,1,car
15543230406_71c5a59208_z.jpg,305f5efb-7893-48dd-b8d3-226ae14bc476,0.31964635848999023,1,person
19577109682_a0282d8678_z.jpg,872bf381-e753-492f-af5e-9fdf287a5809,0.33805060386657715,0,car
890847666_ec8eaecf88_z.jpg,aff41962-3501-4db5-91ca-0dd7b2d01f51,0.32138729095458984,1,dog
3446761063_9cdc26f36c_z.jpg,b8855cb8-d5a8-4c51-aab3-701ba4d2422a,0.26004528999328613,1,bicycle
15333662010_2f428f7e2f_z_degraded.jpg,dd6256cb-8d9d-4954-99c8-27cc121924cc,0.32703137397766113,0,bicycle
48901634_c792cbab58_z.jpg,46a3a1dd-943b-4741-9c4e-d300245a10bf,0.2677879333496094,1,car
412652687_4d6cb46129_z.jpg,373bd5c5-213c-460d-8067-d2df83a8db64,0.34293675422668457,1,cat
1980856023_6049619444_z.jpg,3d58993f-9c8e-4e4e-be6a-7888737fe5e6,0.32587575912475586,0,cat
2258982401_762044a41d_z.jpg,f4b23339-59d6-4885-9036-8b5d6d8952e7,0.3072926998138428,1,bicycle
7175939730_9a03853d4c_z.jpg,1f93b3d3-07a3-4d84-b4f7-7f105a38a1b9,0.31475830078125,0,cat
5436402112_3aee3141a7_z.jpg,96088c4d-d1d3-487a-a711-0d70f31bfc61,0.3675200939178467,1,cat
4370423313_49f3722e85_z.jpg,e994e367-3ec8-4e9c-9dc6-3002427efd6e,0.31772685050964355,1,car
4479906928_4ab0604d1c_z.jpg,7c3b5ac5-e0e4-4e58-9a81-b98ebdb474c1,0.32062530517578125,1,person
7548613890_a6272237ac_z.jpg,8c10b06c-3fbd-4d69-a74f-509cfea33489,0.3329894542694092,1,bicycle
7843905188_07e5d2a569_z_degraded.jpg,372aa492-fb98-4ef1-b28a-afb7af90e04b,0.2695746421813965,0,person
8523144329_569f1781b3_z.jpg,db8e5f1c-f2e8-4c4f-9567-19e00026a45a,0.34722018241882324,1,cat
6431153899_9ac59a36b4_z.jpg,7b3d7708-0b69-4cfc-b935-d337b26a3a08,0.31679463386535645,1,car
7685782426_d3615820e9_z.jpg,fa16f159-980f-41f6-b62f-f6b0ceb0d942,0.2962641716003418,1,cat
15543230406_71c5a59208_z.jpg,a4e42480-202e-4c32-a5a8-2d55aabf88cf,0.30188846588134766,1,person
18068160735_6c2f214265_z.jpg,fe2a2071-b3cd-4f8f-b558-31a14cb72bd0,0.33359694480895996,0,bicycle
7163490183_0dff14b5d6_z.jpg,5fb38eca-473b-4a5c-9d6c-84b15b913c81,0.24277734756469727,1,person
1570513225_265b529538_z.jpg,32b6237b-2a2c-4ef5-8288-9cae1e0dd88b,0.28308773040771484,1,cat
4901520304_aa5c10705e_z.jpg,f129ae49-c952-4c60-abc4-4f5c13c6def3,0.311337947845459,1,person
8032610600_1dd81d41a4_z_degraded.jpg,919a3472-fcb6-4343-b6d1-77a54a2e6806,0.30547094345092773,1,car
7166182137_a5679c9fa4_z_degraded.jpg,b55568a5-28f5-4bf1-bb3a-c69009079a66,0.29433536529541016,1,person
84410494_ab268290cf_z.jpg,b3d5e069-8cb8-4b8c-abc9-00ee6ce05898,0.307513952255249,1,dog
5021039430_0cda148fd5_z.jpg,05429e4c-4caf-49ab-9e10-529eb4e6d180,0.2957885265350342,1,bicycle
5425389979_390e3f3881_z.jpg,43bb8515-a065-415e-8f45-fdb7b7cfc0b3,0.3105602264404297,1,person
9141188655_328b195d8d_z.jpg,c8d6ab4d-4958-4cf2-a2e5-fdfb1f985f6a,0.2936394214630127,1,bicycle
48901634_c792cbab58_z.jpg,6bbc538a-a76e-4759-ae6d-bbb632113a34,0.287841796875,1,car
2258982401_762044a41d_z.jpg,efbc6888-ac0c-4d20-b4df-07f8d5b06b7d,0.30890846252441406,1,bicycle
9057859369_5a432fdfe1_z.jpg,ac31c8b2-0c74-4272-b102-4ff18ca2f414,0.2872157096862793,1,car
3666190087_ca2fb0d709_z.jpg,62cfa9a8-f082-4745-a36d-3d53ff620546,0.30768513679504395,1,bicycle
1492095547_3a48dbc70b_z.jpg,439e2258-7573-4231-8098-0f2c4e3739a3,0.32115769386291504,1,cat
3029397040_d35cf11083_z.jpg,d10a21ba-30c8-46ea-9ca6-7593cce6dce7,0.27570462226867676,1,cat
9478594118_5861e54c87_z.jpg,5e6d5810-ae55-41c2-852a-653795371afc,0.3288116455078125,1,cat
5093076088_7bc77ec199_z.jpg,c892d8da-26ab-4214-b4c5-9363b5bb9b89,0.3244307041168213,1,dog
15584457029_80b75274db_z.jpg,da607d0d-1ce6-42b0-a643-1640b09fed5b,0.2927229404449463,1,cat
6168484879_e6b9644722_z.jpg,fe4ae817-d625-4422-8410-b737b0045929,0.2683877944946289,1,car
4728907141_f9e5aa4bce_z.jpg,b9cbc66b-abcd-4bf0-893d-3c731a9f2390,0.3536343574523926,1,person
8464801471_b2b61acc7b_z.jpg,4a72bc4f-32d3-48f5-86ce-c426e6df04ea,0.28995585441589355,1,cat
3666190087_ca2fb0d709_z.jpg,fe3f64b0-984f-4909-b556-634fd48b1dd2,0.31127023696899414,1,bicycle
1553312291_c0cae48a37_z.jpg,3de639f2-960c-47eb-8938-077c3658a8fe,0.19904589653015137,1,bicycle
5298849761_aeeed1a3f9_z.jpg,0f1e7a32-8cf2-4859-9a18-1f3cb0b3a32f,0.29671621322631836,1,person
3452990622_cfb5fba34a_z.jpg,beca5bdf-cce3-4bfa-9128-f4e7be12849e,0.3392517566680908,1,bicycle
9057859369_5a432fdfe1_z.jpg,2f0fe418-7f12-4cf8-ba88-f70419bb7574,0.28657031059265137,1,car
8960442702_6c931904f0_z.jpg,67482371-04c0-424b-aa68-674811ca7aa5,0.2795138359069824,1,person
2592416858_f849d2ac8f_z.jpg,dd7a70f4-72ce-4849-ac84-31e51f68b215,0.3268883228302002,1,dog
3499391979_76c0c01a3c_z_degraded.jpg,e4eaeade-2bb3-405e-aab7-586e9ad0af59,0.2678401470184326,1,car
31792151_e1e4c47427_z.jpg,f8530c98-a1cb-4c7d-9f72-9d610e1229fa,0.27537059783935547,1,cat
7492624590_e473685314_z.jpg,8415ba20-d2cc-4cb0-a039-020d323613ff,0.3939545154571533,1,dog
19577109682_a0282d8678_z.jpg,36109835-81d8-4ccb-887b-8d161688f5be,0.3417675495147705,0,car
6097504753_2971a9eaa6_z.jpg,43ca2be2-e6c0-42e8-9a16-8ea1ebb43d74,0.32281017303466797,1,car
7110476047_267467ee68_z.jpg,2886fc6d-9b26-4ffc-b1f6-b1bf67a690d7,0.3082892894744873,1,car
1570513225_265b529538_z.jpg,ffe9fa76-7b0f-460e-832c-58114e93f15e,0.27012062072753906,1,cat
412652687_4d6cb46129_z.jpg,2e1f19b9-d919-43c9-9c55-bc3e13ac0380,0.33252596855163574,1,cat
13073061203_f7d640a8b3_z.jpg,dbb56577-eec3-464e-9db3-e683e16d7785,0.26667118072509766,1,dog
5336089950_d2f4618519_z.jpg,d965d96d-27fa-47f2-89b2-9001b06e94fe,0.2667403221130371,0,car
2667833832_bf9ddddac5_z_degraded.jpg,b87384fa-aeaa-4e7c-9fff-88231607d93a,0.3083531856536865,1,cat
3685504815_c15a389bd3_z.jpg,32a3e0ed-4d4c-4c6d-8681-39b0367c0ef0,0.33389830589294434,1,bicycle
207320225_2446b6cf11_z.jpg,db96d004-2675-4552-add0-12d4143f3d31,0.2740137577056885,1,cat
4941417139_1608ab2596_z.jpg,52fd6b62-ddd9-4f2c-8f3f-b5635e4f594d,0.32723236083984375,0,dog
9141188655_328b195d8d_z.jpg,63553437-9c87-418d-ba5c-aea8ceb4790f,0.28036928176879883,1,bicycle
9057859369_5a432fdfe1_z.jpg,dc8b3db7-f911-49b7-8d70-77d09754103d,0.28180575370788574,1,car
677743874_168dcb5ed1_z.jpg,69dbfac1-9a61-455d-b49e-f6a2fd824d93,0.3015124797821045,1,dog
541124874_7247349bb7_z.jpg,cb289ddd-fff4-4675-b855-22c9adf69244,0.2840557098388672,1,bicycle
6499183869_45bb8908c3_z_degraded.jpg,be826d40-a079-4f7c-8201-21284eb61fd6,0.27760910987854004,1,person
432591931_4789d0f0f1_z.jpg,715b2d7d-e544-4559-bdb3-edce8bfd1d35,0.31505823135375977,1,car
3954929491_6e95503c3d_z.jpg,86e099c5-bd1f-480a-9d3e-1487950988cd,0.2804141044616699,1,person
8349516772_6928ba8b88_z.jpg,8cf155f5-f14e-4ed4-93cd-23a6b7ee99c1,0.340151309967041,1,person
16106543870_2f167db1e1_z.jpg,399de3e7-1b14-4cc0-b096-729180cc9e2c,0.31554245948791504,1,car
15196353300_2dcb1a1948_z.jpg,7259b49f-6a18-4ac1-8525-18d12af8bc46,0.26871609687805176,1,car
5516505342_43268015f4_z.jpg,315dbfdb-a2ab-4335-a314-bab3ade159ac,0.33071446418762207,1,car
2392419690_8495e2b2c9_z.jpg,2d0ab80d-118f-4cd0-9dcf-c1fd250265c4,0.3253178596496582,1,person
6010263871_df93fb6382_z.jpg,a318fe94-0183-4df4-8176-62a5348e8009,0.29935359954833984,1,car
6113997729_5f5ac02209_z.jpg,7e556cf1-cb6f-4b07-ab04-0cc664a4304c,0.3136272430419922,1,dog
14711690133_019fe56eb5_z.jpg,e860e9a8-1b0c-4b91-9152-e0faa1a048d9,0.3031291961669922,1,cat
3413987789_b607473327_z.jpg,97de201f-7f91-4ac2-b6bd-db4463d98bac,0.31207871437072754,1,car
7782123174_dbda292cef_z.jpg,15800947-1be4-4720-bbc3-af0b8d05055d,0.3195004463195801,1,car
7110476047_267467ee68_z.jpg,1ac1af21-25b2-4a1d-8113-d164f308a08e,0.3025636672973633,1,car
16104664631_cce4a9a58c_z.jpg,2a767fff-78ba-4947-a2f5-00cd282de362,0.3155648708343506,1,person
8265517869_53c5fb3eff_z.jpg,753c0faa-2805-4402-abed-04c9f7813d4f,0.2940192222595215,1,car
1492095547_3a48dbc70b_z.jpg,5895aa64-d6d5-4cf5-9452-2f6e172c717a,0.309619665145874,1,cat
6102395478_8c004e1142_z.jpg,afe4373a-8331-4603-80d4-e01b8e3a3ebb,0.3158552646636963,0,bicycle
4781592393_07d35524ef_z.jpg,ec879eef-0074-4714-9d4b-5bf618bd92cc,0.28246641159057617,1,cat
4226351112_a6f67d031e_z.jpg,bb8d9fd4-a8b8-4072-89a1-45c6d5e70f18,0.34108972549438477,1,cat
4065552857_98aa8a39d4_z_degraded.jpg,357d2d74-2490-436f-9df6-f7900fc2e435,0.26827478408813477,1,bicycle
5333910985_ea4e62f651_z.jpg,7090677b-72ec-4dbb-9604-0437842a5862,0.3352353572845459,1,car
21376683791_d98acff014_z.jpg,6a42573a-533b-474f-9958-d24322215be2,0.43488073348999023,1,bicycle
8526465743_29a9320d16_z.jpg,fa8fce5c-dd65-47ff-b337-6d8c8148545a,0.3974494934082031,1,cat
5336089950_d2f4618519_z_degraded.jpg,955cc481-3540-4c98-8177-dbe8d14a5396,0.23595309257507324,0,car
8183126241_e78c7f86ba_z.jpg,a719471b-94fb-472a-87a6-422b4179d217,0.27830052375793457,1,person
2918687630_5108e3e2ab_z.jpg,9aecf044-f064-4c83-81ab-b0d4b97d8cc6,0.27776646614074707,1,car
777472482_5eae8617bd_z.jpg,9d4626fa-cfe6-4564-b137-9be826a869d0,0.32508158683776855,1,cat
15071673457_0703cea442_z.jpg,4cbfb000-f4a2-48f1-93d3-7da035c645d7,0.28733229637145996,1,person
14811525368_d8b774e40a_z.jpg,ee11e08b-d160-4a71-9b7e-08c7cef54de2,0.3280816078186035,0,bicycle
5333910985_ea4e62f651_z.jpg,1382ecff-e797-4ca2-b60d-f11e35ba9d08,0.3425447940826416,1,car
3895919953_9ba2530425_z.jpg,3b320278-736e-4d6f-af7c-d7746d945b6e,0.26200366020202637,1,cat
4484760806_dc814d2ce2_z.jpg,ee139216-d448-4747-a806-444723e94bae,0.2781493663787842,1,bicycle
6499183869_45bb8908c3_z_degraded.jpg,87399dca-cfaf-42bd-872c-d733d19dc664,0.2861509323120117,1,person
5290576324_881daf8265_z_degraded.jpg,a4ea5c10-09bf-41a3-9e24-eaa289189385,0.3000664710998535,1,dog
1240686712_fbccf26b7f_z_degraded.jpg,459b0d94-684e-4c06-911d-0427d282285a,0.30758142471313477,1,cat
15235483580_08696e0988_z.jpg,60281753-9ede-4e85-9603-973bbeb36fd0,0.2843291759490967,0,bicycle
258460789_c4baeb300a_z.jpg,dc23fd61-b5cd-4955-bb0b-fd56995348ce,0.3409879207611084,1,cat
15837810787_14c16de452_z.jpg,5faa2848-9a28-465e-8774-9ffa08d607b8,0.2660970687866211,1,cat
6723753569_a1d8678cde_z.jpg,90953bbf-44c3-4fe7-9246-6e96c67d0da3,0.28640007972717285,1,person
15392489891_905432249f_z.jpg,20e9b0aa-0dfc-48f3-ad1b-9b2338251b50,0.2912936210632324,1,person
7475018518_6c715a96c1_z.jpg,86b52cf9-384d-4ca9-83ef-cc907312ee33,0.2845799922943115,1,dog
7283869010_60b2e311b5_z.jpg,7ae1948d-2dde-4201-8c03-8073fa260456,0.39829349517822266,0,dog
5336089950_d2f4618519_z_degraded.jpg,4de480ef-6c9f-4e73-87b4-20bc96d02ff3,0.2459723949432373,0,car
4414731678_5f70c9f88e_z.jpg,12bedaf0-745c-4d31-ac45-cccd7d765ddb,0.33768320083618164,1,dog
204668081_9bb000df17_z.jpg,f506c0e3-7e3e-4690-931c-563762184e13,0.37555766105651855,1,dog
1240686712_fbccf26b7f_z.jpg,15bad79b-bfe8-43bf-ba5d-cf4dc70defa2,0.28609800338745117,1,cat
3844809782_aa1ce17781_z.jpg,f66c6b69-3240-4726-a280-219c7efb518d,0.2987029552459717,1,cat
14811525368_d8b774e40a_z.jpg,f9e44820-0cb2-4504-bb41-51936ba93d37,0.29465222358703613,0,bicycle
8562326627_1a68052e58_z.jpg,e57a2cb3-d182-4ea3-82ac-200d84a47999,0.37938904762268066,1,person
14351072751_334621d203_z.jpg,9c70b700-2cae-4291-9d0e-557d1420d56d,0.35170578956604004,0,dog
4163439575_7c6a260e8e_z.jpg,a9b45647-3efe-4831-b3b5-16187a76c349,0.3450479507446289,1,dog
4901520304_aa5c10705e_z_degraded.jpg,c8f87ae5-8003-4d81-ac2d-e829ab64cdf8,0.3187737464904785,1,person
3353007655_56889b94a7_z.jpg,cfa736f1-d8a8-49d1-b109-4c1fe236f446,0.32250070571899414,1,bicycle
4231227841_3821544fe1_z.jpg,e24ee941-eaba-4af0-9063-d4656ab23223,0.38653564453125,1,dog
15589191923_99889a9f83_z.jpg,fc9b88ad-4772-4031-99ad-75414e79f0a5,0.3507425785064697,1,cat
16106543870_2f167db1e1_z.jpg,8c4d328a-7928-4b26-9dfa-0810d5e2fee2,0.3132905960083008,1,car
915541987_2627e91a14_z.jpg,d9f6f7fb-e9c9-47dc-9367-ec21e759f0ee,0.27371954917907715,1,dog
738798561_2d54b53ec5_z.jpg,ff422cc4-8818-408f-8fc3-937c4ecf33a7,0.3315610885620117,1,person
5763085728_cd042a4cb0_z.jpg,220b0c6d-2dd9-47e4-8385-8337f2caa78c,0.26998066902160645,1,car
3607850542_a3577913d7_z.jpg,c01cc0b8-ac76-4d38-955c-65f0f9fd4d62,0.34745192527770996,1,cat
1980856023_6049619444_z.jpg,ff953949-eee1-426d-9574-286cf0660f33,0.3108830451965332,0,cat
3029397040_d35cf11083_z.jpg,c1a14a13-f70b-4eae-b76d-62c196c8b8cc,0.2870020866394043,1,cat
16789366715_633121f7bb_z.jpg,b5f475ea-11cc-4732-93b5-db21633590c3,0.3080766201019287,1,person
17554656478_22dea58ed2_z.jpg,307157fa-5893-4b6b-8cbf-d21919a634b9,0.3024466037750244,0,car
3850147043_06970bc680_z.jpg,e5555c37-e997-4af1-b287-bf6b21e85a5c,0.3253483772277832,1,dog
6141562070_11880edf2e_z.jpg,1c26acda-4156-4002-b8ee-e0d04719a7d3,0.3032252788543701,0,bicycle
15516450642_4fffe9be37_z.jpg,069ba7fe-e54a-4375-be7c-8f9f2af35f81,0.41611671447753906,0,cat
4030862073_d697f506b0_z.jpg,589e5796-9f01-48cb-8ad5-f03ca5740a45,0.43427062034606934,1,person
5298850167_d1e13e9551_z.jpg,221e9046-5e16-44ac-bff9-6053da31b1cf,0.2861666679382324,1,person
342659307_d5d9d36af5_z.jpg,534ebafd-f149-45dc-91b3-3ee949188101,0.21364140510559082,1,car
6455179889_6db5a93bfa_z.jpg,abef89cf-852e-4e20-aac1-68da1c4bc606,0.32256102561950684,1,cat
8289650934_506c73242a_z.jpg,ea9811c6-52dd-4bc6-a463-ed74bbbfa7f6,0.3937094211578369,1,bicycle
9159634981_ea2947ff02_z.jpg,9bb08674-fcdc-425f-aa2e-930112b8b707,0.3142414093017578,1,dog
2218544892_0ae9cb42da_z.jpg,16ad7284-5efb-45ab-8bb9-8fdd6f2034f3,0.33257007598876953,1,cat
4730790029_bdc24fcb8c_z.jpg,70855360-9aa7-4a3b-8a5d-5d279c20f162,0.2623012065887451,1,cat
738798561_2d54b53ec5_z_degraded.jpg,f72ac169-81b7-413a-ad53-d96e7a585b4b,0.33008718490600586,1,person
82706249_bf54b24c4e_z.jpg,bc047ae7-076c-4901-aa68-596c675a6935,0.18201422691345215,1,car
20959877010_552298f5f8_z.jpg,391e1327-3a0a-492d-9faa-69f53669c93f,0.27486729621887207,0,dog
1229448893_42c357ea12_z.jpg,ed50445f-342b-44d1-a23a-0de20d3d2804,0.27309346199035645,1,bicycle
51712355_49c2e95899_z.jpg,16539ffb-b9a3-494b-8ab3-acce44eac54f,0.27208542823791504,1,bicycle
9755183855_953c4f062c_z.jpg,ac279a8a-8e2f-4dc4-9e60-4bbed9bbb95d,0.2908139228820801,0,bicycle
5481347426_620620145e_z.jpg,2698d36e-ffc8-4b56-bf35-2a6dd6588ca7,0.27877354621887207,1,person
16982913298_aa90f2a62b_z.jpg,f80574a0-8bfd-4558-8771-c05b00bb69d8,0.4054715633392334,1,car
6168484879_e6b9644722_z_degraded.jpg,796619e7-7b49-4a74-8880-82ca61fe2f83,0.30129098892211914,1,car
4414731678_5f70c9f88e_z.jpg,d361145d-67b0-4472-bf4b-f14f8915f21b,0.33060288429260254,1,dog
8265517869_53c5fb3eff_z.jpg,24181ca4-2cff-4b6f-89fb-c8efb6799103,0.2739408016204834,1,car
7270802858_c6e2b115e4_z.jpg,bba846ae-ca64-4101-aedb-54d9aa952f6a,0.44269442558288574,1,dog
2230295891_a68077f047_z_degraded.jpg,c28cf11a-976c-4695-bd39-36561ade3cd3,0.278761625289917,1,cat
15589191923_99889a9f83_z.jpg,3d4cc655-5773-4de7-a4ab-b45cdecfa29d,0.30550122261047363,1,cat
8773393046_236298c465_z.jpg,e6a8c46d-85d2-4df1-9c10-a9cc2508ae0a,0.2852606773376465,0,bicycle
4730790029_bdc24fcb8c_z.jpg,062e410f-c77e-40e5-8006-4595f4220fde,0.2771918773651123,1,cat
5826499075_8c91ec270b_z.jpg,1d3023e0-abdd-4efa-8275-d01f32db6878,0.367919921875,1,person
8572756223_94130c5e61_z.jpg,79c0e3d9-b036-4495-8ef7-ee8f6e850863,0.33687257766723633,1,person
738798561_2d54b53ec5_z.jpg,f601d74c-07be-410c-9c97-5991613551a8,0.3096442222595215,1,person
3679100484_a8e3044e55_z_degraded.jpg,884b94fc-9540-42eb-a554-693bcaf83edd,0.32044339179992676,0,car
20795376805_7d3aabfce1_z.jpg,98d2bb38-7e30-46ec-b058-33afded55704,0.2557194232940674,0,car
84410494_ab268290cf_z.jpg,a9cba742-d47a-4410-bf44-c9a89e30ea56,0.3218100070953369,1,dog
5599702283_8562638984_z.jpg,040198af-a018-49d4-9ede-87cd6a30d9f2,0.2740147113800049,1,bicycle
14757587416_892a95bf77_z.jpg,c984fa21-882b-4bf5-b3d7-d2d2d6d42d90,0.2527809143066406,0,bicycle
5506132265_d6d43548eb_z.jpg,c1aeb88f-757b-40e7-b381-ee4fb1b27d9c,0.28653526306152344,1,bicycle
6097504753_2971a9eaa6_z.jpg,50049725-4059-4e49-9a97-3f0bf5634cd6,0.3081319332122803,1,car
15543230406_71c5a59208_z.jpg,91b6737f-4637-43fe-a15c-dd642f2ae617,0.30648183822631836,1,person
5099996575_32762aeb7f_z.jpg,31d1069b-850d-4c1b-85f0-424de3a400d9,0.30962586402893066,0,car
3413987789_b607473327_z_degraded.jpg,56378564-0f18-4c82-9200-8be4f4ace735,0.33596229553222656,1,car
7675033952_b3caa0dd37_z.jpg,ab48999a-d550-4a42-81fd-81cd9c160e6d,0.3313558101654053,1,bicycle
8213118547_f274c67e93_z.jpg,df996300-c781-4462-b840-c533ea56cca9,0.2840719223022461,1,cat
5826499075_8c91ec270b_z.jpg,98c4fe37-ccbc-4fef-a7a9-b6a9430b6ee5,0.3136942386627197,1,person
2433290346_8482cac895_z.jpg,fe3fa064-62f5-43b9-ad69-14bb0088029e,0.3088104724884033,0,car
4743123794_5c502eaee7_z.jpg,25f14ffc-51d3-4ba1-89b7-30ebd1489514,0.30182886123657227,1,cat
9002629162_51388d1396_z.jpg,adfa915b-bd3f-4d0c-95f5-5c38e97d5999,0.2662651538848877,1,cat
36110689_9cbbccb36a_z.jpg,ea331387-0ac4-426a-a9ee-09cf5592c2d5,0.3418002128601074,0,dog
15837810787_14c16de452_z.jpg,286202fc-bfb6-40b3-884c-7d6fd8d3eb53,0.27788829803466797,1,cat
3446761063_9cdc26f36c_z.jpg,d8bb430c-8c31-4640-991a-8c2797e47b62,0.287276029586792,1,bicycle
34095624_ce7c705614_z.jpg,9b1307f8-a821-439e-bd5f-9bd0eb403dad,0.3342921733856201,1,dog
7166182137_a5679c9fa4_z_degraded.jpg,03443cf6-e532-4133-b420-7b2ca75690c3,0.2719717025756836,1,person
5402229494_570e48f7f9_z.jpg,535ae8a8-8599-498e-b92f-27e1b553cda7,0.27693986892700195,1,bicycle
225687978_713319e6c1_z.jpg,3e0cb745-9ba7-4dce-9013-8ffb4aad9d16,0.2894785404205322,0,cat
361146297_ca9b5c8799_z.jpg,fe5d210b-ec48-4b9b-b389-5707187c2cdb,0.3311758041381836,1,dog
2433290346_8482cac895_z.jpg,e8900396-a78b-40e3-874f-a42e1f363d0a,0.2802908420562744,0,car
7475018518_6c715a96c1_z.jpg,7d9eaf64-c321-4827-87b1-2f9f220e8e7e,0.2907290458679199,1,dog
4728907141_f9e5aa4bce_z.jpg,bca7cc8f-d467-4910-8bfb-fcf4887b0d25,0.3333718776702881,1,person
892497288_b916ec820e_z.jpg,9f1cd747-6e0a-4278-8e5f-3f593420b477,0.33127522468566895,1,person
15333662010_2f428f7e2f_z_degraded.jpg,5952b45e-3fa5-42f6-b770-fba4d1c5cb91,0.32501792907714844,0,bicycle
8773393046_236298c465_z.jpg,7e13e79b-274e-4209-92e7-18bf0a623e33,0.2722291946411133,0,bicycle
7782123174_dbda292cef_z.jpg,ed682c80-48d1-47c3-8aee-d4a8dd8235be,0.331768274307251,1,car
3141821008_3743fb8be5_z.jpg,be1020d8-abbc-432a-841c-bc12b4d83294,0.35497522354125977,1,car
7163490183_0dff14b5d6_z_degraded.jpg,8a350b69-3b5b-4ef8-b3ac-8f0473ec04a4,0.23659491539001465,1,person
2746929519_3599d54cfb_z.jpg,968b2819-f51a-4d55-8f05-582601ed31b4,0.34033823013305664,1,bicycle
3499391979_76c0c01a3c_z.jpg,e452085b-90db-4c15-9531-cfd6a384b7bd,0.263927698135376,1,car
432591931_4789d0f0f1_z.jpg,c38b6abe-9680-4bd7-ae50-6e2ac17aa257,0.32646870613098145,1,car
5763085728_cd042a4cb0_z.jpg,1cb227fc-d239-4c82-bf28-83ce4f218d2f,0.2688117027282715,1,car
2136213674_4e484d88e3_z.jpg,ea9a4384-5d2c-405f-9bee-1ab8d143b1d8,0.328289270401001,1,bicycle
9141188655_328b195d8d_z.jpg,284a3840-c2d5-48ca-b395-4eda96943659,0.32012033462524414,1,bicycle
9755183855_953c4f062c_z.jpg,fc2d7435-0019-493b-8a7b-dc318a684420,0.2719235420227051,0,bicycle
1492095547_3a48dbc70b_z.jpg,64ef44e6-709e-4bb8-a79b-c2ed20f32d36,0.34188008308410645,1,cat
2525539133_73f08a9471_z.jpg,271721a3-6951-4069-a1a7-026c48d53d1a,0.2628159523010254,1,car
16679943419_b0fd9b6858_z.jpg,a762fd8c-fa28-40b2-926b-5b2a2ebd011e,0.28258657455444336,1,bicycle
2946145533_75f5268f19_z.jpg,24fbb19a-5bdc-4ad0-9418-6d7e39d1502c,0.345245361328125,1,person
5290576324_881daf8265_z_degraded_degraded.jpg,720b7982-8fe2-46e3-9a53-878b22b3f852,0.32038283348083496,1,dog
432591931_4789d0f0f1_z.jpg,064c5fff-192a-4d20-8291-35e746d87115,0.35259294509887695,1,car
2882148223_72d4df2a8e_z_degraded.jpg,6d373494-f09c-49ff-b8e7-dedc24eb6307,0.3196847438812256,0,bicycle
4380790081_1cbcb573ec_z.jpg,a4f300fa-f79d-43d7-8a9a-5df057e8a74c,0.31197690963745117,1,person
3283350420_d2b4b8fef3_z.jpg,a9823de7-0d39-4589-91e8-dc559630cff1,0.2907695770263672,1,cat
3685504815_c15a389bd3_z.jpg,8e72e78d-23f3-418f-940e-86264dc0a79d,0.3065524101257324,1,bicycle
8032610600_1dd81d41a4_z_degraded.jpg,215d7f2b-076c-4b58-b6f7-bdcf7ea7d0ec,0.29599642753601074,1,car
6010263871_df93fb6382_z.jpg,c4c0445e-28bc-4cd6-b307-f225c1244dbd,0.2655761241912842,1,car
15333662010_2f428f7e2f_z_degraded_degraded.jpg,7160a547-0218-4b84-aa2d-37f360b5410f,0.3509209156036377,1,bicycle
7548613890_a6272237ac_z.jpg,54aa47db-97b4-46e8-9140-919435f73af0,0.3152637481689453,1,bicycle
